Time(S),GPU0_Power(W),GPU1_Power(W),GPU2_Power(W),GPU3_Power(W),GPU4_Power(W),GPU5_Power(W),GPU6_Power(W),GPU7_Power(W)
0.00,159.0,160.0,155.0,159.0,153.0,160.0,160.0,150.0
0.00,159.0,160.0,155.0,159.0,153.0,160.0,160.0,150.0
0.20,163.0,166.0,160.0,163.0,156.0,163.0,161.0,156.0
0.40,133.0,136.0,130.0,134.0,128.0,133.0,131.0,127.0
0.60,128.0,132.0,125.0,129.0,123.0,128.0,125.0,123.0
0.80,127.0,131.0,124.0,128.0,122.0,127.0,124.0,122.0
1.00,127.0,131.0,124.0,128.0,122.0,126.0,125.0,122.0
1.20,127.0,131.0,124.0,128.0,122.0,126.0,124.0,122.0
1.40,127.0,130.0,124.0,128.0,122.0,126.0,124.0,122.0
1.60,127.0,131.0,125.0,129.0,122.0,126.0,124.0,122.0
1.80,127.0,131.0,124.0,129.0,122.0,126.0,124.0,122.0
2.00,127.0,131.0,124.0,128.0,122.0,126.0,124.0,121.0
2.20,127.0,131.0,125.0,128.0,122.0,126.0,124.0,121.0
2.40,126.0,130.0,124.0,128.0,122.0,126.0,124.0,122.0
2.60,127.0,130.0,124.0,128.0,122.0,126.0,124.0,122.0
2.80,127.0,131.0,124.0,128.0,121.0,126.0,124.0,122.0
3.00,126.0,130.0,124.0,128.0,122.0,126.0,124.0,121.0
3.20,127.0,130.0,124.0,129.0,122.0,126.0,124.0,121.0
3.40,127.0,130.0,124.0,129.0,122.0,126.0,124.0,121.0
3.60,127.0,130.0,124.0,128.0,122.0,126.0,124.0,122.0
3.80,127.0,130.0,124.0,128.0,123.0,126.0,124.0,121.0
4.00,127.0,130.0,125.0,128.0,122.0,126.0,124.0,121.0
4.20,126.0,131.0,124.0,128.0,122.0,126.0,124.0,121.0
4.40,127.0,131.0,124.0,128.0,122.0,126.0,124.0,122.0
4.60,127.0,131.0,124.0,128.0,122.0,126.0,124.0,122.0
4.80,126.0,131.0,124.0,128.0,122.0,126.0,125.0,121.0
5.01,127.0,131.0,124.0,128.0,123.0,126.0,124.0,122.0
5.21,127.0,130.0,124.0,128.0,122.0,126.0,124.0,121.0
5.41,127.0,130.0,124.0,128.0,122.0,126.0,124.0,121.0
5.61,127.0,131.0,124.0,128.0,122.0,126.0,124.0,121.0
5.81,127.0,131.0,124.0,128.0,122.0,126.0,124.0,121.0
6.01,127.0,131.0,124.0,128.0,122.0,126.0,124.0,122.0
6.21,127.0,130.0,124.0,128.0,122.0,126.0,124.0,121.0
6.41,127.0,130.0,124.0,128.0,122.0,126.0,124.0,122.0
6.61,126.0,131.0,124.0,128.0,122.0,126.0,124.0,121.0
6.81,127.0,130.0,124.0,128.0,122.0,126.0,124.0,122.0
7.01,127.0,130.0,124.0,128.0,122.0,126.0,124.0,121.0
7.21,127.0,130.0,124.0,128.0,121.0,126.0,124.0,121.0
7.41,127.0,130.0,124.0,128.0,121.0,126.0,124.0,121.0
7.61,126.0,130.0,124.0,128.0,122.0,126.0,124.0,121.0
7.81,126.0,130.0,124.0,128.0,122.0,126.0,123.0,121.0
8.01,126.0,130.0,124.0,128.0,122.0,127.0,124.0,121.0
8.21,127.0,130.0,124.0,128.0,122.0,126.0,124.0,121.0
8.41,127.0,130.0,124.0,129.0,122.0,126.0,124.0,121.0
8.61,126.0,130.0,124.0,128.0,123.0,126.0,124.0,121.0
8.81,126.0,130.0,124.0,128.0,122.0,126.0,124.0,121.0
9.01,155.0,130.0,124.0,128.0,122.0,126.0,124.0,122.0
9.21,169.0,130.0,124.0,128.0,122.0,126.0,124.0,121.0
9.41,161.0,131.0,124.0,128.0,122.0,126.0,124.0,121.0
9.61,160.0,131.0,124.0,128.0,122.0,126.0,123.0,121.0
9.81,160.0,130.0,124.0,128.0,121.0,126.0,124.0,122.0
10.01,160.0,130.0,124.0,128.0,122.0,126.0,124.0,121.0
10.21,160.0,130.0,124.0,128.0,122.0,126.0,124.0,121.0
10.41,160.0,130.0,124.0,128.0,122.0,126.0,124.0,121.0
11.11,160.0,130.0,124.0,128.0,122.0,126.0,124.0,121.0
11.31,160.0,130.0,124.0,128.0,122.0,126.0,124.0,121.0
11.51,160.0,130.0,124.0,128.0,122.0,125.0,124.0,121.0
11.71,160.0,130.0,124.0,128.0,122.0,126.0,124.0,122.0
11.91,161.0,130.0,124.0,128.0,122.0,126.0,124.0,122.0
12.11,160.0,130.0,124.0,128.0,122.0,126.0,124.0,121.0
12.31,160.0,130.0,124.0,128.0,122.0,126.0,124.0,122.0
12.51,160.0,130.0,124.0,128.0,122.0,126.0,124.0,121.0
12.71,160.0,130.0,124.0,128.0,122.0,126.0,124.0,122.0
12.91,160.0,130.0,124.0,128.0,122.0,126.0,123.0,121.0
13.11,161.0,130.0,124.0,128.0,122.0,126.0,123.0,121.0
13.31,160.0,130.0,124.0,128.0,122.0,125.0,124.0,121.0
13.51,160.0,130.0,124.0,128.0,122.0,126.0,124.0,121.0
13.71,160.0,130.0,124.0,127.0,122.0,126.0,124.0,122.0
13.91,160.0,130.0,124.0,128.0,122.0,126.0,124.0,121.0
14.11,160.0,130.0,124.0,128.0,122.0,125.0,124.0,121.0
14.31,160.0,130.0,124.0,128.0,122.0,125.0,124.0,121.0
14.51,160.0,130.0,123.0,128.0,122.0,126.0,124.0,121.0
14.71,160.0,130.0,124.0,128.0,122.0,125.0,124.0,121.0
14.91,160.0,130.0,124.0,128.0,121.0,125.0,123.0,121.0
15.11,160.0,130.0,124.0,128.0,122.0,126.0,124.0,121.0
15.31,160.0,130.0,123.0,128.0,122.0,126.0,124.0,121.0
15.51,160.0,130.0,124.0,128.0,122.0,126.0,124.0,121.0
15.71,160.0,130.0,124.0,128.0,122.0,126.0,124.0,121.0
15.91,162.0,130.0,124.0,128.0,122.0,126.0,123.0,121.0
16.11,147.0,130.0,124.0,128.0,122.0,126.0,124.0,121.0
16.31,169.0,130.0,124.0,128.0,122.0,126.0,123.0,121.0
16.51,133.0,130.0,124.0,128.0,121.0,126.0,124.0,121.0
16.71,161.0,130.0,123.0,128.0,121.0,126.0,124.0,121.0
16.91,186.0,130.0,124.0,128.0,122.0,126.0,124.0,121.0
17.11,196.0,130.0,124.0,127.0,121.0,126.0,124.0,121.0
17.31,200.0,130.0,124.0,128.0,121.0,126.0,124.0,121.0
17.51,200.0,130.0,124.0,128.0,122.0,126.0,124.0,121.0
17.71,203.0,130.0,124.0,128.0,121.0,125.0,124.0,121.0
17.91,203.0,130.0,124.0,127.0,121.0,126.0,124.0,121.0
18.11,201.0,130.0,125.0,128.0,121.0,125.0,124.0,121.0
18.31,201.0,130.0,124.0,128.0,122.0,125.0,124.0,121.0
18.51,202.0,130.0,124.0,128.0,122.0,125.0,124.0,121.0
18.71,202.0,130.0,124.0,128.0,122.0,125.0,124.0,121.0
18.91,201.0,130.0,124.0,127.0,122.0,126.0,124.0,121.0
19.11,201.0,130.0,124.0,128.0,122.0,125.0,124.0,121.0
19.31,201.0,130.0,124.0,128.0,122.0,126.0,124.0,120.0
19.51,200.0,130.0,124.0,128.0,122.0,126.0,124.0,121.0
19.71,202.0,130.0,124.0,128.0,122.0,126.0,124.0,121.0
19.91,200.0,130.0,124.0,128.0,121.0,125.0,123.0,121.0
20.11,198.0,130.0,124.0,128.0,122.0,126.0,124.0,121.0
20.31,196.0,130.0,124.0,128.0,122.0,125.0,123.0,121.0
20.51,193.0,130.0,124.0,128.0,122.0,125.0,124.0,121.0
20.71,191.0,130.0,123.0,128.0,122.0,126.0,123.0,121.0
20.91,189.0,130.0,124.0,128.0,121.0,126.0,124.0,121.0
21.11,188.0,130.0,123.0,128.0,122.0,125.0,123.0,121.0
21.31,188.0,130.0,124.0,128.0,122.0,126.0,123.0,121.0
21.51,190.0,130.0,124.0,128.0,122.0,125.0,123.0,121.0
21.71,195.0,130.0,123.0,128.0,122.0,125.0,123.0,121.0
21.91,198.0,130.0,123.0,128.0,121.0,126.0,123.0,121.0
22.11,202.0,130.0,124.0,128.0,122.0,126.0,124.0,121.0
22.31,203.0,130.0,124.0,127.0,122.0,125.0,123.0,121.0
22.51,203.0,129.0,123.0,128.0,122.0,125.0,124.0,121.0
22.71,202.0,130.0,124.0,128.0,122.0,125.0,124.0,121.0
22.91,201.0,130.0,123.0,128.0,122.0,126.0,124.0,121.0
23.11,201.0,130.0,123.0,128.0,122.0,126.0,124.0,121.0
23.31,202.0,130.0,123.0,127.0,121.0,125.0,124.0,122.0
23.51,200.0,130.0,124.0,128.0,122.0,125.0,123.0,121.0
23.71,200.0,130.0,124.0,127.0,122.0,125.0,124.0,121.0
23.91,200.0,130.0,124.0,128.0,121.0,125.0,124.0,121.0
24.11,200.0,130.0,124.0,128.0,122.0,125.0,124.0,121.0
24.31,199.0,130.0,124.0,128.0,121.0,126.0,123.0,121.0
24.51,198.0,130.0,123.0,128.0,122.0,125.0,124.0,121.0
24.71,197.0,130.0,124.0,128.0,122.0,126.0,124.0,120.0
24.91,193.0,130.0,124.0,128.0,122.0,125.0,123.0,121.0
25.11,191.0,130.0,123.0,128.0,122.0,126.0,124.0,121.0
25.31,189.0,130.0,123.0,128.0,122.0,125.0,124.0,120.0
25.51,189.0,129.0,124.0,128.0,122.0,125.0,123.0,121.0
25.71,194.0,129.0,124.0,128.0,122.0,125.0,124.0,121.0
25.91,200.0,130.0,124.0,128.0,121.0,126.0,124.0,121.0
26.11,200.0,130.0,124.0,128.0,121.0,125.0,123.0,121.0
26.31,201.0,130.0,124.0,128.0,122.0,125.0,124.0,121.0
26.51,202.0,129.0,124.0,128.0,122.0,125.0,124.0,121.0
26.71,200.0,129.0,123.0,128.0,121.0,125.0,124.0,120.0
26.91,202.0,130.0,123.0,127.0,121.0,125.0,123.0,121.0
27.11,207.0,129.0,123.0,128.0,122.0,125.0,123.0,121.0
27.31,202.0,129.0,123.0,127.0,121.0,126.0,124.0,121.0
27.51,202.0,130.0,124.0,128.0,122.0,125.0,124.0,121.0
27.71,201.0,129.0,123.0,127.0,122.0,126.0,123.0,121.0
27.91,206.0,130.0,124.0,128.0,121.0,125.0,124.0,121.0
28.12,203.0,130.0,123.0,128.0,121.0,125.0,123.0,121.0
28.32,203.0,130.0,123.0,128.0,121.0,125.0,123.0,121.0
28.52,201.0,130.0,123.0,128.0,121.0,125.0,123.0,121.0
28.72,202.0,129.0,124.0,128.0,121.0,126.0,123.0,121.0
28.92,206.0,129.0,123.0,128.0,121.0,125.0,124.0,121.0
29.12,202.0,130.0,123.0,127.0,121.0,125.0,123.0,121.0
29.32,202.0,130.0,124.0,128.0,121.0,126.0,123.0,120.0
29.52,201.0,130.0,123.0,127.0,121.0,125.0,123.0,120.0
29.72,200.0,130.0,123.0,127.0,121.0,125.0,123.0,121.0
29.92,201.0,129.0,123.0,127.0,121.0,126.0,123.0,121.0
30.12,198.0,130.0,123.0,128.0,122.0,126.0,123.0,121.0
30.32,201.0,130.0,124.0,127.0,121.0,125.0,124.0,121.0
30.52,200.0,130.0,123.0,127.0,121.0,125.0,123.0,121.0
30.72,193.0,129.0,124.0,128.0,121.0,125.0,123.0,121.0
30.92,178.0,130.0,123.0,128.0,121.0,126.0,123.0,121.0
31.12,202.0,130.0,124.0,128.0,121.0,126.0,124.0,121.0
31.32,193.0,130.0,124.0,128.0,121.0,126.0,123.0,121.0
31.52,198.0,130.0,123.0,128.0,121.0,125.0,123.0,120.0
31.72,201.0,130.0,123.0,127.0,122.0,125.0,124.0,121.0
31.92,200.0,129.0,123.0,127.0,122.0,125.0,123.0,120.0
32.12,202.0,129.0,124.0,128.0,122.0,126.0,123.0,121.0
32.32,203.0,130.0,123.0,127.0,122.0,125.0,124.0,120.0
32.52,203.0,130.0,123.0,127.0,121.0,125.0,123.0,121.0
32.72,203.0,130.0,123.0,127.0,122.0,125.0,123.0,121.0
32.92,204.0,129.0,123.0,128.0,121.0,125.0,123.0,121.0
33.12,173.0,129.0,124.0,128.0,122.0,125.0,124.0,121.0
33.32,183.0,130.0,123.0,128.0,122.0,126.0,123.0,120.0
33.52,196.0,130.0,124.0,127.0,122.0,126.0,123.0,121.0
33.72,201.0,129.0,124.0,127.0,121.0,125.0,124.0,121.0
33.92,201.0,130.0,123.0,128.0,122.0,125.0,123.0,121.0
34.12,201.0,130.0,123.0,127.0,122.0,125.0,123.0,121.0
34.32,200.0,129.0,124.0,128.0,122.0,125.0,124.0,121.0
34.52,200.0,129.0,123.0,128.0,121.0,125.0,124.0,121.0
34.72,197.0,130.0,124.0,128.0,121.0,125.0,123.0,121.0
34.92,200.0,130.0,124.0,128.0,121.0,125.0,123.0,120.0
35.12,196.0,130.0,123.0,128.0,121.0,126.0,123.0,120.0
35.32,195.0,130.0,124.0,128.0,121.0,125.0,123.0,121.0
35.52,197.0,129.0,123.0,127.0,121.0,125.0,123.0,121.0
35.72,191.0,129.0,124.0,127.0,121.0,125.0,123.0,121.0
35.92,188.0,130.0,123.0,127.0,122.0,125.0,124.0,120.0
36.12,190.0,129.0,123.0,128.0,121.0,125.0,123.0,121.0
36.32,196.0,129.0,123.0,127.0,121.0,126.0,123.0,121.0
36.52,200.0,129.0,123.0,128.0,121.0,125.0,123.0,121.0
36.72,204.0,129.0,123.0,128.0,121.0,125.0,123.0,121.0
36.92,203.0,129.0,123.0,128.0,121.0,125.0,123.0,121.0
37.12,199.0,129.0,124.0,128.0,122.0,125.0,123.0,121.0
37.32,202.0,130.0,124.0,128.0,121.0,126.0,123.0,120.0
37.52,201.0,129.0,123.0,127.0,122.0,126.0,123.0,121.0
37.72,204.0,129.0,123.0,127.0,121.0,126.0,123.0,120.0
37.92,201.0,129.0,124.0,127.0,121.0,126.0,123.0,121.0
38.12,202.0,129.0,124.0,128.0,121.0,125.0,124.0,121.0
38.32,201.0,130.0,124.0,127.0,121.0,125.0,123.0,121.0
38.52,201.0,129.0,124.0,127.0,122.0,125.0,123.0,121.0
38.72,200.0,129.0,123.0,127.0,122.0,126.0,124.0,121.0
38.92,200.0,129.0,123.0,127.0,121.0,125.0,124.0,121.0
39.12,201.0,129.0,124.0,127.0,121.0,125.0,123.0,121.0
39.32,200.0,129.0,124.0,128.0,121.0,125.0,123.0,121.0
39.52,197.0,130.0,123.0,127.0,121.0,125.0,124.0,121.0
39.72,196.0,129.0,123.0,128.0,121.0,126.0,124.0,121.0
39.92,194.0,129.0,123.0,128.0,121.0,125.0,123.0,120.0
40.12,193.0,129.0,123.0,127.0,121.0,125.0,123.0,120.0
40.32,201.0,130.0,124.0,127.0,121.0,126.0,123.0,120.0
40.52,201.0,130.0,124.0,127.0,121.0,126.0,123.0,121.0
40.72,198.0,129.0,123.0,127.0,122.0,125.0,123.0,121.0
40.92,205.0,129.0,124.0,127.0,121.0,125.0,123.0,121.0
41.12,201.0,129.0,124.0,127.0,121.0,125.0,124.0,121.0
41.32,201.0,129.0,123.0,127.0,122.0,125.0,123.0,121.0
41.52,198.0,129.0,123.0,128.0,121.0,125.0,124.0,121.0
41.72,202.0,130.0,123.0,127.0,121.0,125.0,123.0,121.0
41.92,199.0,130.0,123.0,127.0,121.0,125.0,123.0,121.0
42.12,200.0,129.0,123.0,128.0,121.0,125.0,123.0,121.0
42.32,199.0,130.0,124.0,128.0,121.0,125.0,123.0,121.0
42.52,195.0,129.0,123.0,128.0,121.0,125.0,123.0,121.0
42.72,192.0,129.0,124.0,127.0,121.0,125.0,123.0,120.0
42.92,190.0,129.0,123.0,127.0,121.0,125.0,123.0,121.0
43.12,187.0,130.0,123.0,128.0,121.0,125.0,124.0,120.0
43.32,200.0,130.0,123.0,128.0,121.0,125.0,123.0,120.0
43.52,189.0,129.0,123.0,128.0,121.0,125.0,123.0,121.0
43.72,195.0,129.0,123.0,128.0,121.0,125.0,123.0,120.0
43.92,197.0,129.0,124.0,127.0,121.0,125.0,123.0,121.0
44.12,199.0,130.0,123.0,127.0,121.0,125.0,124.0,120.0
44.32,204.0,130.0,123.0,127.0,121.0,125.0,123.0,121.0
44.52,209.0,129.0,124.0,127.0,121.0,125.0,123.0,121.0
44.72,205.0,130.0,123.0,127.0,121.0,125.0,123.0,121.0
44.92,202.0,129.0,124.0,127.0,121.0,125.0,123.0,121.0
45.12,203.0,130.0,124.0,127.0,121.0,125.0,123.0,120.0
45.32,202.0,130.0,123.0,127.0,121.0,125.0,123.0,121.0
45.52,203.0,130.0,123.0,127.0,121.0,125.0,123.0,121.0
45.72,202.0,129.0,123.0,127.0,121.0,125.0,123.0,121.0
45.92,207.0,130.0,123.0,127.0,121.0,125.0,123.0,120.0
46.12,202.0,129.0,124.0,127.0,122.0,125.0,123.0,120.0
46.32,202.0,129.0,123.0,127.0,121.0,125.0,123.0,121.0
46.52,201.0,130.0,123.0,128.0,121.0,125.0,123.0,121.0
46.72,200.0,129.0,124.0,128.0,121.0,125.0,123.0,121.0
46.92,200.0,129.0,123.0,127.0,122.0,125.0,123.0,120.0
47.12,198.0,129.0,123.0,127.0,121.0,125.0,123.0,120.0
47.32,195.0,129.0,123.0,127.0,120.0,125.0,123.0,121.0
47.52,191.0,129.0,123.0,127.0,121.0,125.0,124.0,121.0
47.72,189.0,129.0,124.0,127.0,121.0,125.0,123.0,121.0
47.92,188.0,129.0,123.0,127.0,121.0,125.0,123.0,121.0
48.12,189.0,129.0,124.0,127.0,121.0,125.0,123.0,121.0
48.32,192.0,129.0,123.0,127.0,121.0,124.0,123.0,120.0
48.52,197.0,129.0,123.0,128.0,121.0,125.0,123.0,121.0
48.72,196.0,129.0,123.0,128.0,121.0,126.0,123.0,120.0
48.92,202.0,130.0,123.0,127.0,122.0,125.0,123.0,121.0
49.12,204.0,130.0,123.0,128.0,121.0,125.0,123.0,121.0
49.32,203.0,129.0,123.0,127.0,122.0,125.0,123.0,120.0
49.52,202.0,129.0,123.0,128.0,121.0,125.0,123.0,121.0
49.72,202.0,129.0,124.0,127.0,121.0,125.0,123.0,121.0
49.92,203.0,129.0,124.0,127.0,122.0,125.0,123.0,121.0
50.12,201.0,129.0,124.0,127.0,122.0,125.0,123.0,121.0
50.32,199.0,129.0,123.0,127.0,121.0,124.0,123.0,121.0
50.52,200.0,130.0,123.0,127.0,121.0,125.0,123.0,121.0
50.72,201.0,129.0,123.0,127.0,121.0,125.0,123.0,121.0
50.92,200.0,129.0,124.0,127.0,121.0,125.0,123.0,120.0
51.12,197.0,129.0,123.0,127.0,121.0,125.0,123.0,120.0
51.32,192.0,129.0,123.0,127.0,121.0,125.0,123.0,121.0
51.52,189.0,129.0,123.0,127.0,121.0,125.0,123.0,121.0
51.72,186.0,129.0,124.0,128.0,122.0,125.0,123.0,121.0
51.92,191.0,129.0,123.0,127.0,121.0,125.0,123.0,121.0
52.12,195.0,129.0,124.0,128.0,121.0,125.0,123.0,120.0
52.32,200.0,129.0,123.0,127.0,121.0,126.0,123.0,120.0
52.52,203.0,129.0,123.0,127.0,121.0,125.0,124.0,120.0
52.72,210.0,129.0,124.0,127.0,121.0,125.0,123.0,121.0
52.92,202.0,129.0,124.0,127.0,121.0,125.0,123.0,121.0
53.12,202.0,129.0,123.0,127.0,121.0,125.0,123.0,121.0
53.33,201.0,130.0,124.0,128.0,121.0,125.0,123.0,120.0
53.53,201.0,129.0,123.0,128.0,121.0,125.0,123.0,121.0
53.73,202.0,129.0,124.0,128.0,121.0,126.0,123.0,121.0
53.93,201.0,129.0,123.0,127.0,120.0,125.0,123.0,121.0
54.13,197.0,129.0,123.0,127.0,121.0,125.0,123.0,121.0
54.33,194.0,129.0,123.0,127.0,121.0,125.0,123.0,121.0
54.53,193.0,130.0,123.0,127.0,121.0,125.0,123.0,120.0
54.73,189.0,129.0,123.0,128.0,121.0,125.0,123.0,120.0
54.93,190.0,129.0,123.0,127.0,121.0,125.0,123.0,121.0
55.13,197.0,129.0,123.0,127.0,121.0,125.0,123.0,121.0
55.33,201.0,129.0,123.0,127.0,121.0,125.0,123.0,121.0
55.53,202.0,129.0,124.0,127.0,121.0,124.0,123.0,121.0
55.73,202.0,129.0,123.0,128.0,121.0,124.0,123.0,120.0
55.93,204.0,129.0,123.0,127.0,121.0,125.0,123.0,120.0
56.13,201.0,129.0,124.0,128.0,121.0,124.0,124.0,121.0
56.33,202.0,129.0,123.0,128.0,121.0,125.0,123.0,121.0
56.53,201.0,129.0,123.0,127.0,121.0,125.0,123.0,120.0
56.73,200.0,129.0,123.0,127.0,122.0,125.0,123.0,120.0
56.93,200.0,129.0,123.0,127.0,121.0,125.0,123.0,121.0
57.13,199.0,129.0,123.0,127.0,121.0,125.0,123.0,121.0
57.33,194.0,129.0,123.0,127.0,121.0,125.0,123.0,121.0
57.53,190.0,129.0,123.0,127.0,121.0,125.0,123.0,121.0
57.73,187.0,129.0,123.0,127.0,121.0,125.0,123.0,121.0
57.93,188.0,129.0,123.0,127.0,121.0,125.0,123.0,120.0
58.13,192.0,129.0,124.0,127.0,121.0,125.0,123.0,120.0
58.33,198.0,130.0,123.0,127.0,121.0,125.0,123.0,121.0
58.53,203.0,130.0,123.0,127.0,121.0,125.0,123.0,120.0
58.73,202.0,129.0,123.0,127.0,121.0,125.0,123.0,120.0
58.93,203.0,129.0,124.0,127.0,121.0,125.0,123.0,121.0
59.13,202.0,129.0,123.0,127.0,121.0,125.0,123.0,121.0
59.33,202.0,129.0,123.0,127.0,121.0,125.0,123.0,121.0
59.53,201.0,129.0,123.0,127.0,121.0,125.0,123.0,121.0
59.73,201.0,129.0,123.0,127.0,122.0,125.0,123.0,121.0
59.93,200.0,129.0,123.0,128.0,121.0,125.0,123.0,121.0
60.13,197.0,129.0,123.0,127.0,121.0,125.0,123.0,121.0
60.33,194.0,129.0,123.0,127.0,121.0,125.0,123.0,121.0
60.53,191.0,129.0,123.0,127.0,121.0,125.0,123.0,120.0
60.73,187.0,129.0,123.0,127.0,121.0,125.0,124.0,121.0
60.93,191.0,129.0,123.0,127.0,121.0,126.0,123.0,121.0
61.13,197.0,129.0,123.0,127.0,121.0,125.0,123.0,120.0
61.33,203.0,129.0,123.0,127.0,121.0,125.0,123.0,120.0
61.53,204.0,129.0,123.0,127.0,121.0,125.0,123.0,120.0
61.73,202.0,129.0,123.0,128.0,121.0,125.0,123.0,120.0
61.93,202.0,129.0,123.0,128.0,121.0,125.0,123.0,120.0
62.13,203.0,130.0,123.0,127.0,121.0,125.0,123.0,121.0
62.33,203.0,130.0,123.0,127.0,121.0,125.0,123.0,121.0
62.53,202.0,129.0,123.0,127.0,121.0,125.0,123.0,120.0
62.73,202.0,129.0,123.0,127.0,121.0,125.0,123.0,120.0
62.93,201.0,129.0,123.0,128.0,121.0,125.0,123.0,120.0
63.13,198.0,129.0,123.0,127.0,121.0,125.0,123.0,120.0
63.33,194.0,129.0,123.0,127.0,121.0,125.0,123.0,121.0
63.53,191.0,129.0,123.0,127.0,121.0,125.0,123.0,121.0
63.73,187.0,129.0,124.0,127.0,120.0,125.0,123.0,121.0
63.93,193.0,129.0,123.0,127.0,121.0,125.0,123.0,121.0
64.13,198.0,129.0,123.0,127.0,121.0,125.0,122.0,121.0
64.33,200.0,129.0,123.0,127.0,121.0,125.0,123.0,120.0
64.53,203.0,129.0,124.0,128.0,121.0,125.0,123.0,120.0
64.73,201.0,129.0,123.0,127.0,121.0,125.0,123.0,121.0
64.93,203.0,129.0,123.0,127.0,121.0,125.0,123.0,120.0
65.13,202.0,129.0,123.0,127.0,122.0,125.0,123.0,120.0
65.33,201.0,129.0,124.0,128.0,121.0,125.0,123.0,121.0
65.53,201.0,129.0,123.0,127.0,121.0,125.0,123.0,121.0
65.73,202.0,129.0,123.0,127.0,121.0,125.0,123.0,120.0
65.93,200.0,129.0,123.0,127.0,121.0,125.0,123.0,120.0
66.13,195.0,129.0,123.0,127.0,121.0,125.0,123.0,121.0
66.33,191.0,129.0,123.0,127.0,121.0,125.0,123.0,120.0
66.53,188.0,129.0,123.0,127.0,121.0,125.0,123.0,120.0
66.73,189.0,129.0,123.0,127.0,121.0,125.0,123.0,120.0
66.93,195.0,129.0,123.0,127.0,121.0,125.0,123.0,120.0
67.13,199.0,129.0,123.0,128.0,121.0,125.0,123.0,121.0
67.33,201.0,129.0,123.0,127.0,121.0,125.0,123.0,121.0
67.53,203.0,129.0,123.0,128.0,121.0,125.0,123.0,120.0
67.73,203.0,129.0,123.0,127.0,121.0,125.0,123.0,121.0
67.93,203.0,129.0,124.0,127.0,121.0,125.0,123.0,120.0
68.13,201.0,129.0,123.0,127.0,121.0,125.0,123.0,120.0
68.33,200.0,129.0,123.0,127.0,122.0,125.0,123.0,121.0
68.53,200.0,129.0,123.0,127.0,121.0,125.0,123.0,120.0
68.73,200.0,129.0,123.0,127.0,121.0,125.0,123.0,120.0
68.93,196.0,129.0,123.0,127.0,121.0,124.0,123.0,121.0
69.13,194.0,129.0,123.0,127.0,121.0,125.0,123.0,121.0
69.33,191.0,129.0,124.0,127.0,121.0,125.0,123.0,120.0
69.53,187.0,129.0,123.0,127.0,121.0,125.0,123.0,121.0
69.73,192.0,129.0,123.0,127.0,121.0,125.0,123.0,121.0
69.93,195.0,129.0,124.0,127.0,121.0,125.0,123.0,121.0
70.13,202.0,129.0,123.0,127.0,121.0,125.0,123.0,120.0
70.33,203.0,129.0,123.0,127.0,121.0,125.0,123.0,120.0
70.53,202.0,129.0,123.0,127.0,121.0,125.0,123.0,120.0
70.73,201.0,129.0,123.0,127.0,121.0,125.0,123.0,121.0
70.93,202.0,129.0,123.0,127.0,121.0,125.0,123.0,120.0
71.13,205.0,128.0,123.0,127.0,121.0,124.0,123.0,120.0
71.33,202.0,129.0,123.0,127.0,121.0,125.0,124.0,121.0
71.53,201.0,129.0,123.0,127.0,121.0,125.0,123.0,121.0
71.73,199.0,129.0,123.0,127.0,121.0,125.0,123.0,121.0
71.93,193.0,129.0,123.0,127.0,121.0,125.0,122.0,121.0
72.13,191.0,129.0,123.0,127.0,121.0,125.0,123.0,121.0
72.33,188.0,129.0,123.0,127.0,122.0,125.0,123.0,121.0
72.53,191.0,129.0,123.0,127.0,122.0,125.0,123.0,121.0
72.73,198.0,129.0,123.0,127.0,121.0,125.0,123.0,121.0
72.93,202.0,128.0,123.0,127.0,121.0,125.0,123.0,121.0
73.13,203.0,129.0,123.0,127.0,121.0,125.0,123.0,121.0
73.33,204.0,129.0,123.0,127.0,121.0,125.0,123.0,120.0
73.53,202.0,129.0,123.0,127.0,121.0,125.0,123.0,120.0
73.73,203.0,129.0,123.0,127.0,121.0,124.0,123.0,121.0
73.93,203.0,129.0,123.0,127.0,121.0,125.0,123.0,120.0
74.13,202.0,128.0,123.0,127.0,121.0,125.0,123.0,121.0
74.33,200.0,129.0,123.0,127.0,121.0,125.0,123.0,120.0
74.53,199.0,129.0,123.0,127.0,121.0,125.0,123.0,120.0
74.73,195.0,129.0,123.0,127.0,121.0,125.0,123.0,121.0
74.93,191.0,129.0,123.0,127.0,121.0,125.0,124.0,120.0
75.13,188.0,128.0,123.0,127.0,121.0,125.0,123.0,121.0
75.33,193.0,129.0,123.0,127.0,121.0,125.0,123.0,120.0
75.53,198.0,129.0,123.0,127.0,121.0,125.0,123.0,121.0
75.73,202.0,129.0,123.0,127.0,121.0,125.0,123.0,120.0
75.93,201.0,130.0,123.0,127.0,121.0,125.0,123.0,121.0
76.13,202.0,129.0,123.0,127.0,121.0,125.0,123.0,121.0
76.33,203.0,129.0,123.0,127.0,121.0,126.0,123.0,120.0
76.53,202.0,129.0,123.0,127.0,121.0,125.0,123.0,121.0
76.73,202.0,129.0,123.0,127.0,121.0,125.0,123.0,120.0
76.93,201.0,128.0,123.0,127.0,121.0,125.0,123.0,120.0
77.13,201.0,129.0,123.0,127.0,121.0,124.0,123.0,121.0
77.33,198.0,129.0,123.0,127.0,121.0,125.0,123.0,121.0
77.53,194.0,129.0,123.0,127.0,121.0,124.0,123.0,121.0
77.73,190.0,129.0,123.0,127.0,121.0,124.0,123.0,120.0
77.93,187.0,129.0,123.0,126.0,121.0,125.0,123.0,121.0
78.13,193.0,129.0,122.0,127.0,121.0,125.0,123.0,121.0
78.33,196.0,129.0,123.0,127.0,121.0,125.0,123.0,121.0
78.53,203.0,129.0,123.0,127.0,121.0,125.0,123.0,121.0
78.73,203.0,129.0,123.0,127.0,120.0,125.0,123.0,121.0
78.94,202.0,129.0,123.0,127.0,121.0,125.0,123.0,121.0
79.14,203.0,129.0,123.0,127.0,121.0,125.0,123.0,121.0
79.34,202.0,129.0,123.0,127.0,121.0,125.0,123.0,120.0
79.54,201.0,129.0,123.0,126.0,122.0,125.0,123.0,121.0
79.74,201.0,129.0,123.0,126.0,120.0,125.0,123.0,121.0
79.94,200.0,129.0,123.0,127.0,121.0,125.0,123.0,121.0
80.14,197.0,129.0,123.0,127.0,121.0,125.0,123.0,121.0
80.34,193.0,128.0,123.0,127.0,121.0,125.0,123.0,121.0
80.54,190.0,129.0,123.0,126.0,121.0,125.0,123.0,121.0
80.74,186.0,129.0,123.0,127.0,121.0,125.0,123.0,121.0
80.94,192.0,129.0,123.0,127.0,121.0,125.0,123.0,120.0
81.14,197.0,129.0,123.0,127.0,121.0,125.0,123.0,120.0
81.34,202.0,128.0,123.0,127.0,121.0,125.0,123.0,120.0
81.54,203.0,129.0,123.0,127.0,121.0,125.0,123.0,120.0
81.74,201.0,129.0,123.0,127.0,121.0,124.0,123.0,121.0
81.94,203.0,129.0,123.0,127.0,121.0,125.0,123.0,121.0
82.14,201.0,129.0,123.0,127.0,121.0,125.0,123.0,120.0
82.34,201.0,129.0,123.0,127.0,121.0,125.0,123.0,120.0
82.54,200.0,129.0,123.0,127.0,121.0,125.0,123.0,120.0
82.74,200.0,129.0,123.0,127.0,121.0,125.0,123.0,120.0
82.94,198.0,129.0,123.0,127.0,121.0,125.0,123.0,121.0
83.14,193.0,129.0,123.0,127.0,121.0,125.0,123.0,121.0
83.34,191.0,129.0,123.0,127.0,121.0,124.0,123.0,120.0
83.54,188.0,129.0,123.0,127.0,121.0,124.0,123.0,120.0
83.74,195.0,129.0,123.0,127.0,121.0,125.0,123.0,120.0
83.94,200.0,129.0,123.0,126.0,121.0,125.0,122.0,121.0
84.14,203.0,129.0,123.0,127.0,121.0,125.0,123.0,120.0
84.34,202.0,129.0,123.0,126.0,121.0,125.0,123.0,120.0
84.54,202.0,128.0,123.0,127.0,121.0,125.0,123.0,120.0
84.74,201.0,129.0,123.0,127.0,121.0,124.0,123.0,120.0
84.94,201.0,129.0,123.0,127.0,121.0,125.0,123.0,121.0
85.14,201.0,129.0,123.0,127.0,121.0,125.0,123.0,120.0
85.34,201.0,129.0,123.0,127.0,121.0,125.0,123.0,121.0
85.54,200.0,129.0,123.0,127.0,121.0,124.0,123.0,120.0
85.74,197.0,129.0,122.0,127.0,121.0,125.0,123.0,121.0
85.94,193.0,129.0,123.0,127.0,121.0,125.0,123.0,120.0
86.14,189.0,129.0,123.0,127.0,121.0,125.0,123.0,120.0
86.34,188.0,129.0,123.0,127.0,121.0,125.0,123.0,120.0
86.54,194.0,129.0,123.0,127.0,121.0,125.0,123.0,120.0
86.74,200.0,129.0,122.0,127.0,121.0,125.0,123.0,120.0
86.94,203.0,129.0,123.0,127.0,120.0,125.0,123.0,120.0
87.14,204.0,129.0,123.0,127.0,121.0,125.0,123.0,120.0
87.34,202.0,129.0,123.0,127.0,121.0,125.0,123.0,120.0
87.54,203.0,129.0,123.0,127.0,121.0,125.0,123.0,121.0
87.74,202.0,129.0,123.0,127.0,121.0,124.0,123.0,120.0
87.94,202.0,129.0,123.0,127.0,121.0,125.0,123.0,121.0
88.14,201.0,129.0,123.0,127.0,121.0,125.0,123.0,120.0
88.34,200.0,129.0,123.0,127.0,121.0,125.0,123.0,121.0
88.54,197.0,129.0,123.0,127.0,121.0,125.0,123.0,120.0
88.74,192.0,129.0,124.0,127.0,122.0,125.0,123.0,120.0
88.94,190.0,129.0,123.0,127.0,121.0,125.0,123.0,120.0
89.14,188.0,129.0,122.0,127.0,121.0,125.0,123.0,120.0
89.34,193.0,129.0,123.0,127.0,121.0,125.0,123.0,120.0
89.54,199.0,129.0,123.0,126.0,121.0,125.0,123.0,120.0
89.74,204.0,129.0,123.0,127.0,121.0,125.0,123.0,121.0
89.94,202.0,129.0,123.0,127.0,121.0,125.0,123.0,120.0
90.14,202.0,129.0,123.0,127.0,121.0,125.0,123.0,120.0
90.34,201.0,129.0,123.0,127.0,121.0,125.0,123.0,120.0
90.54,201.0,129.0,123.0,127.0,121.0,125.0,123.0,121.0
90.74,202.0,129.0,123.0,127.0,120.0,125.0,123.0,120.0
90.94,201.0,129.0,123.0,127.0,121.0,125.0,122.0,121.0
91.14,200.0,128.0,123.0,127.0,121.0,125.0,123.0,121.0
91.34,196.0,129.0,123.0,127.0,120.0,124.0,123.0,120.0
91.54,191.0,129.0,122.0,127.0,121.0,124.0,123.0,120.0
91.74,188.0,129.0,123.0,126.0,121.0,125.0,123.0,120.0
91.94,189.0,129.0,123.0,127.0,121.0,124.0,123.0,120.0
92.14,197.0,129.0,123.0,127.0,121.0,124.0,123.0,121.0
92.34,203.0,129.0,123.0,127.0,121.0,125.0,123.0,120.0
92.54,203.0,129.0,123.0,127.0,121.0,125.0,123.0,121.0
92.74,202.0,129.0,123.0,126.0,121.0,125.0,123.0,121.0
92.94,203.0,129.0,123.0,126.0,121.0,124.0,123.0,120.0
93.14,203.0,129.0,123.0,127.0,121.0,125.0,123.0,121.0
93.34,201.0,129.0,123.0,127.0,121.0,125.0,123.0,120.0
93.54,201.0,128.0,123.0,127.0,121.0,125.0,123.0,120.0
93.74,201.0,129.0,123.0,127.0,121.0,125.0,123.0,120.0
93.94,199.0,128.0,123.0,127.0,121.0,124.0,123.0,120.0
94.14,195.0,129.0,123.0,127.0,121.0,124.0,124.0,120.0
94.34,191.0,129.0,123.0,127.0,121.0,125.0,123.0,121.0
94.54,188.0,129.0,123.0,127.0,120.0,125.0,123.0,120.0
94.74,190.0,129.0,123.0,127.0,121.0,125.0,122.0,120.0
94.94,196.0,129.0,123.0,127.0,121.0,125.0,122.0,120.0
95.14,201.0,128.0,123.0,127.0,121.0,125.0,123.0,120.0
95.34,201.0,128.0,123.0,127.0,121.0,124.0,123.0,120.0
95.54,201.0,129.0,123.0,127.0,121.0,125.0,123.0,121.0
95.74,203.0,129.0,123.0,127.0,121.0,125.0,123.0,120.0
95.94,201.0,129.0,123.0,127.0,121.0,125.0,123.0,120.0
96.14,201.0,129.0,123.0,126.0,121.0,125.0,123.0,120.0
96.34,201.0,129.0,122.0,126.0,121.0,125.0,123.0,121.0
96.54,200.0,128.0,123.0,127.0,121.0,125.0,123.0,121.0
96.74,198.0,128.0,123.0,127.0,121.0,124.0,123.0,120.0
96.94,195.0,129.0,123.0,127.0,121.0,124.0,123.0,121.0
97.14,192.0,129.0,123.0,127.0,120.0,125.0,123.0,120.0
97.34,187.0,129.0,123.0,127.0,121.0,125.0,123.0,121.0
97.54,190.0,128.0,123.0,127.0,121.0,125.0,123.0,121.0
97.74,196.0,129.0,123.0,127.0,121.0,125.0,123.0,121.0
97.94,203.0,129.0,123.0,127.0,121.0,125.0,123.0,120.0
98.14,201.0,129.0,123.0,127.0,121.0,125.0,123.0,120.0
98.34,202.0,129.0,123.0,127.0,121.0,125.0,123.0,120.0
98.54,204.0,129.0,123.0,127.0,121.0,125.0,123.0,120.0
98.74,202.0,129.0,123.0,127.0,121.0,124.0,123.0,121.0
98.94,202.0,129.0,122.0,127.0,121.0,125.0,123.0,121.0
99.14,201.0,128.0,123.0,127.0,121.0,125.0,123.0,121.0
99.34,200.0,128.0,123.0,127.0,121.0,124.0,123.0,120.0
99.54,199.0,129.0,123.0,127.0,121.0,125.0,123.0,120.0
99.74,194.0,128.0,123.0,127.0,121.0,125.0,122.0,121.0
99.94,191.0,129.0,123.0,127.0,121.0,125.0,123.0,120.0
100.14,187.0,129.0,123.0,127.0,121.0,125.0,123.0,120.0
100.34,192.0,129.0,123.0,127.0,121.0,125.0,123.0,120.0
100.54,197.0,129.0,122.0,127.0,121.0,124.0,123.0,120.0
100.74,203.0,129.0,122.0,127.0,121.0,125.0,122.0,121.0
100.94,203.0,129.0,123.0,127.0,120.0,125.0,123.0,121.0
101.14,203.0,129.0,123.0,126.0,121.0,125.0,123.0,121.0
101.34,202.0,129.0,123.0,127.0,121.0,125.0,123.0,121.0
101.54,202.0,129.0,123.0,127.0,121.0,124.0,123.0,120.0
101.74,201.0,129.0,123.0,127.0,121.0,125.0,123.0,120.0
101.94,201.0,129.0,123.0,127.0,120.0,124.0,123.0,121.0
102.14,200.0,129.0,123.0,127.0,121.0,124.0,123.0,120.0
102.34,199.0,129.0,123.0,127.0,121.0,125.0,123.0,120.0
102.54,194.0,129.0,123.0,127.0,121.0,125.0,123.0,121.0
102.74,190.0,129.0,123.0,127.0,121.0,124.0,123.0,120.0
102.94,188.0,128.0,123.0,127.0,121.0,124.0,123.0,120.0
103.14,192.0,129.0,123.0,127.0,121.0,125.0,123.0,121.0
103.34,196.0,129.0,123.0,127.0,121.0,125.0,123.0,121.0
103.54,204.0,129.0,123.0,126.0,121.0,125.0,123.0,121.0
103.75,202.0,129.0,123.0,126.0,121.0,125.0,123.0,121.0
103.95,201.0,129.0,123.0,127.0,121.0,125.0,123.0,120.0
104.15,202.0,129.0,123.0,127.0,121.0,125.0,123.0,120.0
104.35,202.0,129.0,123.0,127.0,121.0,125.0,123.0,121.0
104.55,201.0,128.0,123.0,127.0,121.0,125.0,123.0,120.0
104.75,200.0,128.0,123.0,127.0,121.0,125.0,123.0,120.0
104.95,200.0,128.0,123.0,127.0,121.0,125.0,123.0,121.0
105.15,197.0,128.0,122.0,126.0,121.0,125.0,123.0,120.0
105.35,193.0,129.0,123.0,127.0,121.0,124.0,123.0,120.0
105.55,189.0,129.0,123.0,127.0,121.0,124.0,123.0,120.0
105.75,188.0,129.0,123.0,127.0,121.0,124.0,123.0,120.0
105.95,194.0,128.0,122.0,127.0,121.0,125.0,123.0,121.0
106.15,200.0,128.0,123.0,127.0,121.0,125.0,123.0,120.0
106.35,202.0,129.0,123.0,127.0,121.0,125.0,123.0,121.0
106.55,204.0,129.0,123.0,127.0,121.0,124.0,123.0,120.0
106.75,204.0,129.0,123.0,127.0,120.0,125.0,123.0,120.0
106.95,203.0,128.0,123.0,127.0,121.0,125.0,123.0,120.0
107.15,202.0,129.0,122.0,127.0,121.0,125.0,123.0,121.0
107.35,201.0,129.0,123.0,126.0,121.0,125.0,123.0,121.0
107.55,200.0,129.0,123.0,126.0,121.0,125.0,123.0,121.0
107.75,199.0,129.0,123.0,127.0,121.0,125.0,123.0,121.0
107.95,195.0,129.0,123.0,127.0,121.0,125.0,123.0,120.0
108.15,191.0,128.0,123.0,127.0,121.0,125.0,123.0,121.0
108.35,188.0,129.0,123.0,127.0,121.0,125.0,123.0,120.0
108.55,190.0,129.0,123.0,126.0,121.0,125.0,123.0,120.0
108.75,196.0,128.0,123.0,127.0,121.0,125.0,122.0,120.0
108.95,201.0,128.0,123.0,127.0,121.0,125.0,123.0,120.0
109.15,204.0,128.0,123.0,127.0,120.0,125.0,123.0,121.0
109.35,203.0,129.0,123.0,127.0,121.0,125.0,123.0,120.0
109.55,202.0,128.0,122.0,127.0,121.0,124.0,123.0,121.0
109.75,203.0,128.0,123.0,126.0,121.0,125.0,123.0,121.0
109.95,201.0,128.0,123.0,127.0,121.0,125.0,123.0,120.0
110.15,201.0,129.0,123.0,127.0,121.0,124.0,123.0,120.0
110.35,200.0,128.0,123.0,127.0,120.0,125.0,123.0,121.0
110.55,199.0,129.0,123.0,127.0,121.0,125.0,122.0,120.0
110.75,195.0,129.0,123.0,127.0,120.0,124.0,123.0,120.0
110.95,190.0,129.0,123.0,127.0,120.0,124.0,123.0,120.0
111.15,187.0,129.0,122.0,127.0,121.0,124.0,123.0,120.0
111.35,191.0,129.0,123.0,127.0,120.0,124.0,123.0,120.0
111.55,197.0,128.0,122.0,126.0,121.0,125.0,122.0,120.0
111.75,202.0,128.0,123.0,126.0,121.0,124.0,123.0,120.0
111.95,203.0,129.0,123.0,127.0,121.0,125.0,123.0,120.0
112.15,203.0,129.0,123.0,127.0,121.0,125.0,123.0,120.0
112.35,203.0,128.0,123.0,127.0,120.0,124.0,123.0,120.0
112.55,201.0,129.0,123.0,126.0,121.0,124.0,123.0,120.0
112.75,201.0,128.0,123.0,127.0,121.0,125.0,122.0,120.0
112.95,201.0,129.0,123.0,127.0,121.0,124.0,123.0,120.0
113.15,201.0,128.0,123.0,127.0,121.0,125.0,123.0,120.0
113.35,196.0,129.0,123.0,127.0,121.0,124.0,124.0,120.0
113.55,192.0,129.0,123.0,126.0,120.0,125.0,123.0,120.0
113.75,188.0,128.0,122.0,126.0,121.0,125.0,123.0,121.0
113.95,188.0,129.0,123.0,127.0,121.0,124.0,123.0,121.0
114.15,194.0,129.0,122.0,127.0,121.0,124.0,123.0,120.0
114.35,200.0,128.0,123.0,127.0,121.0,125.0,122.0,120.0
114.55,202.0,129.0,123.0,127.0,120.0,124.0,123.0,120.0
114.75,202.0,128.0,123.0,127.0,121.0,125.0,123.0,121.0
114.95,204.0,128.0,123.0,127.0,121.0,125.0,123.0,120.0
115.15,202.0,128.0,123.0,126.0,120.0,125.0,122.0,120.0
115.35,201.0,129.0,123.0,127.0,121.0,125.0,123.0,120.0
115.55,201.0,129.0,123.0,127.0,121.0,125.0,122.0,121.0
115.75,200.0,129.0,123.0,127.0,121.0,125.0,123.0,120.0
115.95,197.0,129.0,123.0,127.0,120.0,125.0,123.0,120.0
116.15,194.0,129.0,122.0,126.0,121.0,125.0,123.0,120.0
116.35,190.0,129.0,122.0,126.0,121.0,124.0,123.0,120.0
116.55,187.0,128.0,123.0,126.0,121.0,124.0,123.0,120.0
116.75,193.0,129.0,122.0,126.0,120.0,125.0,123.0,120.0
116.95,200.0,128.0,122.0,127.0,120.0,125.0,123.0,121.0
117.15,201.0,129.0,122.0,127.0,121.0,124.0,122.0,120.0
117.35,204.0,129.0,123.0,127.0,121.0,125.0,123.0,120.0
117.55,203.0,128.0,123.0,127.0,120.0,124.0,122.0,120.0
117.75,202.0,129.0,122.0,127.0,121.0,124.0,122.0,121.0
117.95,202.0,129.0,123.0,127.0,121.0,125.0,123.0,120.0
118.15,200.0,128.0,123.0,127.0,120.0,124.0,123.0,120.0
118.35,201.0,128.0,123.0,127.0,120.0,125.0,123.0,120.0
118.55,200.0,128.0,123.0,126.0,121.0,125.0,122.0,120.0
118.75,195.0,129.0,123.0,126.0,121.0,124.0,123.0,121.0
118.95,191.0,129.0,123.0,127.0,121.0,124.0,123.0,121.0
119.15,188.0,129.0,123.0,127.0,121.0,124.0,123.0,120.0
119.35,192.0,129.0,122.0,127.0,121.0,125.0,123.0,120.0
119.55,197.0,129.0,123.0,127.0,121.0,124.0,123.0,120.0
119.75,204.0,129.0,123.0,127.0,121.0,124.0,123.0,120.0
119.95,202.0,129.0,123.0,127.0,120.0,125.0,122.0,120.0
120.15,204.0,129.0,123.0,126.0,121.0,125.0,123.0,120.0
120.35,203.0,129.0,123.0,127.0,120.0,125.0,123.0,120.0
120.55,202.0,128.0,123.0,126.0,121.0,125.0,123.0,120.0
120.75,201.0,129.0,123.0,127.0,121.0,124.0,123.0,121.0
120.95,200.0,128.0,123.0,127.0,121.0,125.0,122.0,120.0
121.15,201.0,128.0,123.0,127.0,121.0,124.0,122.0,120.0
121.35,196.0,129.0,123.0,127.0,120.0,125.0,123.0,121.0
121.55,192.0,129.0,123.0,126.0,121.0,124.0,123.0,120.0
121.75,188.0,128.0,123.0,126.0,120.0,124.0,123.0,120.0
121.95,189.0,129.0,123.0,126.0,121.0,124.0,123.0,120.0
122.15,195.0,129.0,123.0,127.0,121.0,125.0,123.0,120.0
122.35,201.0,129.0,123.0,127.0,121.0,125.0,123.0,121.0
122.55,202.0,128.0,123.0,127.0,120.0,125.0,122.0,120.0
122.75,203.0,129.0,123.0,127.0,121.0,124.0,123.0,120.0
122.95,203.0,128.0,123.0,127.0,121.0,125.0,123.0,120.0
123.15,204.0,129.0,123.0,127.0,121.0,124.0,123.0,120.0
123.35,200.0,129.0,123.0,127.0,121.0,125.0,122.0,120.0
123.55,201.0,128.0,123.0,126.0,121.0,124.0,123.0,120.0
123.75,201.0,129.0,123.0,127.0,121.0,124.0,123.0,121.0
123.95,197.0,128.0,122.0,127.0,121.0,125.0,123.0,120.0
124.15,193.0,129.0,123.0,127.0,121.0,125.0,123.0,120.0
124.35,190.0,129.0,123.0,126.0,121.0,125.0,123.0,120.0
124.55,189.0,129.0,123.0,126.0,121.0,124.0,123.0,121.0
124.75,195.0,129.0,123.0,126.0,120.0,125.0,123.0,121.0
124.95,200.0,129.0,123.0,126.0,121.0,125.0,123.0,120.0
125.15,202.0,129.0,122.0,127.0,120.0,124.0,123.0,120.0
125.35,203.0,129.0,122.0,126.0,121.0,124.0,123.0,120.0
125.55,203.0,128.0,123.0,126.0,120.0,125.0,122.0,120.0
125.75,202.0,128.0,123.0,127.0,120.0,124.0,123.0,121.0
125.95,201.0,129.0,123.0,127.0,121.0,125.0,123.0,121.0
126.15,200.0,129.0,123.0,127.0,120.0,124.0,123.0,121.0
126.35,201.0,128.0,122.0,126.0,121.0,125.0,123.0,120.0
126.55,197.0,129.0,123.0,127.0,121.0,124.0,123.0,120.0
126.75,193.0,128.0,123.0,127.0,121.0,125.0,122.0,120.0
126.95,190.0,129.0,123.0,126.0,120.0,125.0,123.0,120.0
127.15,188.0,128.0,122.0,126.0,121.0,124.0,123.0,120.0
127.35,194.0,129.0,123.0,127.0,121.0,124.0,123.0,121.0
127.55,200.0,128.0,123.0,127.0,121.0,124.0,123.0,120.0
127.75,203.0,128.0,123.0,127.0,121.0,125.0,123.0,120.0
127.95,203.0,128.0,122.0,126.0,121.0,124.0,123.0,121.0
128.15,203.0,128.0,123.0,127.0,121.0,124.0,123.0,120.0
128.35,202.0,128.0,123.0,126.0,120.0,124.0,123.0,121.0
128.55,202.0,128.0,123.0,126.0,121.0,125.0,123.0,121.0
128.75,200.0,129.0,123.0,126.0,121.0,124.0,122.0,120.0
128.95,200.0,129.0,123.0,126.0,121.0,124.0,123.0,121.0
129.15,198.0,129.0,123.0,126.0,120.0,124.0,122.0,120.0
129.35,194.0,128.0,123.0,126.0,121.0,124.0,123.0,121.0
129.56,190.0,129.0,123.0,127.0,120.0,124.0,123.0,121.0
129.76,189.0,128.0,123.0,127.0,120.0,124.0,123.0,120.0
129.96,195.0,129.0,123.0,126.0,121.0,125.0,122.0,120.0
130.16,201.0,128.0,123.0,126.0,120.0,125.0,123.0,120.0
130.36,203.0,128.0,123.0,126.0,121.0,124.0,123.0,120.0
130.56,202.0,129.0,123.0,126.0,120.0,124.0,123.0,121.0
130.76,202.0,128.0,123.0,126.0,121.0,124.0,123.0,121.0
130.96,203.0,128.0,122.0,127.0,121.0,124.0,123.0,120.0
131.16,202.0,129.0,123.0,127.0,121.0,124.0,123.0,120.0
131.36,201.0,128.0,123.0,126.0,121.0,124.0,123.0,121.0
131.56,200.0,128.0,123.0,126.0,120.0,124.0,123.0,120.0
131.76,199.0,129.0,122.0,126.0,121.0,125.0,122.0,121.0
131.96,194.0,128.0,123.0,126.0,121.0,125.0,123.0,120.0
132.16,189.0,128.0,123.0,127.0,121.0,124.0,123.0,120.0
132.36,188.0,129.0,123.0,127.0,121.0,124.0,123.0,120.0
132.56,193.0,129.0,123.0,127.0,121.0,124.0,123.0,121.0
132.76,200.0,129.0,123.0,126.0,121.0,124.0,123.0,121.0
132.96,202.0,129.0,123.0,127.0,120.0,125.0,122.0,120.0
133.16,202.0,128.0,123.0,126.0,121.0,125.0,123.0,120.0
133.36,203.0,128.0,123.0,126.0,121.0,125.0,123.0,120.0
133.56,202.0,129.0,123.0,126.0,120.0,125.0,123.0,121.0
133.76,201.0,128.0,123.0,127.0,121.0,125.0,123.0,121.0
133.96,201.0,129.0,123.0,126.0,121.0,125.0,123.0,121.0
134.16,200.0,129.0,123.0,126.0,120.0,124.0,123.0,120.0
134.36,198.0,129.0,123.0,127.0,120.0,125.0,123.0,120.0
134.56,193.0,128.0,123.0,127.0,121.0,124.0,123.0,120.0
134.76,190.0,128.0,123.0,127.0,121.0,124.0,123.0,120.0
134.96,188.0,129.0,123.0,127.0,121.0,124.0,123.0,121.0
135.16,195.0,128.0,123.0,126.0,120.0,124.0,123.0,120.0
135.36,200.0,128.0,123.0,126.0,120.0,124.0,123.0,120.0
135.56,203.0,129.0,123.0,126.0,121.0,124.0,123.0,120.0
135.76,203.0,129.0,123.0,127.0,120.0,124.0,122.0,120.0
135.96,203.0,128.0,123.0,127.0,120.0,125.0,123.0,120.0
136.16,202.0,128.0,123.0,126.0,121.0,125.0,123.0,121.0
136.36,202.0,128.0,123.0,126.0,121.0,124.0,123.0,120.0
136.56,201.0,128.0,123.0,127.0,121.0,124.0,122.0,121.0
136.76,201.0,129.0,123.0,127.0,120.0,125.0,123.0,120.0
136.96,198.0,128.0,122.0,127.0,120.0,124.0,123.0,121.0
137.16,193.0,128.0,123.0,127.0,120.0,124.0,123.0,120.0
137.36,189.0,129.0,123.0,126.0,121.0,125.0,123.0,121.0
137.56,190.0,129.0,123.0,126.0,121.0,124.0,123.0,120.0
137.76,197.0,128.0,123.0,127.0,120.0,124.0,122.0,120.0
137.96,201.0,128.0,123.0,127.0,121.0,124.0,123.0,121.0
138.16,202.0,128.0,123.0,127.0,120.0,124.0,122.0,120.0
138.36,202.0,129.0,123.0,127.0,121.0,125.0,122.0,120.0
138.56,202.0,129.0,123.0,127.0,120.0,124.0,122.0,120.0
138.76,201.0,128.0,123.0,127.0,121.0,125.0,122.0,120.0
138.96,201.0,129.0,123.0,126.0,121.0,124.0,123.0,120.0
139.16,201.0,128.0,123.0,126.0,121.0,125.0,123.0,120.0
139.36,201.0,128.0,123.0,126.0,120.0,125.0,123.0,120.0
139.56,197.0,128.0,123.0,126.0,121.0,124.0,123.0,121.0
139.76,192.0,129.0,123.0,126.0,121.0,125.0,123.0,120.0
139.96,188.0,128.0,123.0,126.0,121.0,124.0,123.0,120.0
140.16,190.0,128.0,123.0,126.0,121.0,124.0,123.0,120.0
140.36,196.0,129.0,123.0,126.0,120.0,125.0,123.0,120.0
140.56,204.0,128.0,122.0,126.0,120.0,124.0,123.0,120.0
140.76,203.0,128.0,122.0,126.0,121.0,124.0,123.0,120.0
140.96,203.0,129.0,122.0,126.0,120.0,124.0,123.0,120.0
141.16,201.0,128.0,123.0,127.0,120.0,124.0,123.0,121.0
141.36,201.0,129.0,123.0,126.0,121.0,125.0,123.0,120.0
141.56,201.0,128.0,123.0,127.0,121.0,125.0,122.0,121.0
141.76,200.0,128.0,123.0,126.0,121.0,124.0,123.0,120.0
141.96,200.0,128.0,123.0,126.0,120.0,124.0,123.0,120.0
142.16,195.0,129.0,123.0,126.0,120.0,124.0,123.0,120.0
142.36,192.0,128.0,123.0,127.0,121.0,125.0,123.0,121.0
142.56,188.0,128.0,123.0,127.0,121.0,125.0,123.0,121.0
142.76,189.0,128.0,122.0,126.0,121.0,124.0,123.0,120.0
142.96,196.0,128.0,123.0,127.0,121.0,124.0,123.0,121.0
143.16,202.0,129.0,123.0,127.0,121.0,124.0,123.0,121.0
143.36,202.0,128.0,123.0,127.0,121.0,124.0,123.0,120.0
143.56,202.0,128.0,123.0,127.0,120.0,125.0,123.0,120.0
143.76,202.0,128.0,123.0,127.0,120.0,124.0,123.0,120.0
143.96,201.0,129.0,123.0,127.0,120.0,125.0,123.0,121.0
144.16,201.0,129.0,123.0,127.0,121.0,124.0,123.0,120.0
144.36,202.0,128.0,123.0,127.0,120.0,124.0,123.0,121.0
144.56,200.0,128.0,123.0,126.0,121.0,124.0,123.0,121.0
144.76,196.0,128.0,123.0,126.0,121.0,124.0,123.0,121.0
144.96,192.0,128.0,123.0,126.0,121.0,124.0,123.0,120.0
145.16,188.0,128.0,123.0,127.0,121.0,124.0,122.0,120.0
145.36,192.0,129.0,123.0,127.0,121.0,124.0,122.0,120.0
145.56,197.0,129.0,122.0,127.0,121.0,124.0,122.0,120.0
145.76,203.0,129.0,123.0,127.0,120.0,124.0,123.0,120.0
145.96,202.0,128.0,123.0,126.0,121.0,124.0,122.0,120.0
146.16,202.0,129.0,123.0,126.0,121.0,125.0,123.0,120.0
146.36,202.0,128.0,123.0,127.0,121.0,125.0,123.0,120.0
146.56,202.0,128.0,123.0,127.0,120.0,124.0,123.0,120.0
146.76,201.0,129.0,123.0,126.0,121.0,124.0,123.0,120.0
146.96,201.0,128.0,123.0,126.0,121.0,125.0,122.0,121.0
147.16,199.0,129.0,123.0,127.0,120.0,125.0,122.0,120.0
147.36,195.0,128.0,123.0,127.0,121.0,124.0,123.0,121.0
147.56,191.0,128.0,123.0,127.0,121.0,125.0,122.0,120.0
147.76,187.0,128.0,123.0,127.0,121.0,125.0,122.0,120.0
147.96,193.0,128.0,123.0,127.0,121.0,124.0,123.0,120.0
148.16,199.0,128.0,123.0,126.0,121.0,125.0,123.0,120.0
148.36,203.0,128.0,123.0,126.0,120.0,125.0,122.0,120.0
148.56,202.0,129.0,123.0,126.0,121.0,125.0,123.0,120.0
148.76,203.0,129.0,123.0,127.0,121.0,124.0,122.0,120.0
148.96,203.0,128.0,123.0,127.0,121.0,125.0,123.0,120.0
149.16,202.0,128.0,122.0,126.0,121.0,124.0,123.0,121.0
149.36,201.0,129.0,122.0,126.0,120.0,124.0,123.0,120.0
149.56,201.0,129.0,123.0,126.0,121.0,124.0,123.0,120.0
149.76,198.0,128.0,123.0,126.0,121.0,124.0,123.0,120.0
149.96,194.0,129.0,123.0,126.0,121.0,124.0,122.0,120.0
150.16,190.0,128.0,123.0,127.0,121.0,124.0,123.0,120.0
150.36,188.0,129.0,123.0,127.0,121.0,124.0,123.0,120.0
150.56,194.0,128.0,123.0,127.0,121.0,124.0,123.0,120.0
150.76,200.0,129.0,123.0,127.0,121.0,124.0,122.0,121.0
150.96,202.0,128.0,123.0,126.0,121.0,125.0,123.0,121.0
151.16,202.0,128.0,123.0,127.0,120.0,124.0,123.0,120.0
151.36,202.0,128.0,123.0,127.0,120.0,124.0,123.0,121.0
151.56,201.0,128.0,123.0,126.0,121.0,124.0,123.0,120.0
151.76,201.0,129.0,123.0,126.0,121.0,124.0,123.0,120.0
151.96,202.0,129.0,123.0,127.0,121.0,124.0,123.0,120.0
152.16,200.0,128.0,122.0,126.0,121.0,124.0,123.0,120.0
152.36,197.0,128.0,123.0,127.0,121.0,124.0,123.0,120.0
152.56,193.0,128.0,123.0,126.0,121.0,125.0,123.0,120.0
152.76,189.0,128.0,123.0,127.0,120.0,124.0,123.0,120.0
152.96,187.0,129.0,122.0,126.0,121.0,125.0,123.0,120.0
153.16,195.0,128.0,122.0,126.0,121.0,125.0,123.0,120.0
153.36,201.0,129.0,123.0,126.0,121.0,124.0,123.0,121.0
153.56,203.0,129.0,123.0,127.0,120.0,124.0,123.0,120.0
153.76,202.0,128.0,122.0,127.0,120.0,125.0,123.0,121.0
153.96,203.0,129.0,123.0,126.0,121.0,125.0,123.0,121.0
154.16,203.0,128.0,123.0,126.0,120.0,125.0,123.0,120.0
154.36,202.0,128.0,123.0,126.0,121.0,125.0,123.0,120.0
154.56,200.0,128.0,123.0,126.0,121.0,125.0,123.0,120.0
154.76,200.0,129.0,123.0,126.0,121.0,125.0,123.0,120.0
154.96,196.0,129.0,123.0,126.0,121.0,124.0,123.0,120.0
155.16,192.0,129.0,123.0,126.0,121.0,124.0,123.0,120.0
155.36,188.0,129.0,123.0,126.0,121.0,125.0,123.0,120.0
155.57,191.0,128.0,123.0,127.0,121.0,125.0,123.0,120.0
155.77,197.0,129.0,123.0,126.0,120.0,125.0,123.0,121.0
155.97,203.0,128.0,123.0,126.0,120.0,124.0,123.0,121.0
156.17,203.0,128.0,123.0,126.0,121.0,125.0,123.0,120.0
156.37,202.0,128.0,123.0,127.0,121.0,124.0,123.0,121.0
156.57,203.0,128.0,122.0,127.0,120.0,124.0,123.0,120.0
156.77,202.0,129.0,123.0,126.0,120.0,124.0,123.0,120.0
156.97,201.0,129.0,123.0,126.0,120.0,124.0,123.0,120.0
157.17,201.0,129.0,123.0,126.0,121.0,124.0,123.0,120.0
157.37,200.0,129.0,123.0,126.0,120.0,124.0,123.0,121.0
157.57,194.0,128.0,122.0,126.0,121.0,124.0,123.0,121.0
157.77,190.0,128.0,123.0,126.0,121.0,124.0,123.0,120.0
157.97,187.0,128.0,123.0,127.0,121.0,125.0,122.0,120.0
158.17,194.0,128.0,123.0,127.0,120.0,124.0,123.0,120.0
158.37,200.0,129.0,123.0,126.0,120.0,124.0,122.0,120.0
158.57,204.0,129.0,123.0,126.0,121.0,124.0,123.0,120.0
158.77,201.0,128.0,123.0,126.0,121.0,124.0,123.0,120.0
158.97,202.0,129.0,122.0,127.0,121.0,124.0,122.0,120.0
159.17,202.0,129.0,123.0,127.0,120.0,125.0,123.0,121.0
159.37,201.0,128.0,123.0,126.0,121.0,124.0,123.0,121.0
159.57,200.0,128.0,123.0,127.0,120.0,125.0,123.0,121.0
159.77,199.0,129.0,123.0,126.0,120.0,124.0,123.0,120.0
159.97,197.0,128.0,123.0,127.0,120.0,124.0,123.0,120.0
160.17,192.0,128.0,122.0,126.0,121.0,124.0,122.0,121.0
160.37,189.0,128.0,123.0,126.0,121.0,125.0,122.0,121.0
160.57,190.0,128.0,122.0,126.0,121.0,125.0,122.0,120.0
160.77,195.0,129.0,122.0,126.0,120.0,125.0,123.0,121.0
160.97,202.0,128.0,122.0,126.0,121.0,124.0,123.0,120.0
161.17,205.0,128.0,122.0,126.0,121.0,124.0,122.0,120.0
161.37,202.0,129.0,123.0,127.0,120.0,124.0,123.0,120.0
161.57,202.0,128.0,123.0,126.0,120.0,124.0,123.0,120.0
161.77,201.0,128.0,123.0,126.0,120.0,124.0,122.0,120.0
161.97,202.0,128.0,123.0,127.0,121.0,124.0,123.0,120.0
162.17,201.0,128.0,123.0,126.0,120.0,124.0,123.0,120.0
162.37,200.0,128.0,123.0,126.0,121.0,124.0,123.0,120.0
162.57,196.0,128.0,123.0,126.0,120.0,124.0,123.0,120.0
162.77,190.0,129.0,122.0,126.0,120.0,124.0,122.0,121.0
162.97,188.0,129.0,123.0,126.0,120.0,124.0,122.0,120.0
163.17,191.0,128.0,123.0,127.0,121.0,124.0,123.0,120.0
163.37,197.0,128.0,123.0,126.0,121.0,124.0,122.0,120.0
163.57,202.0,128.0,123.0,126.0,121.0,125.0,122.0,120.0
163.77,203.0,128.0,123.0,126.0,120.0,124.0,122.0,120.0
163.97,202.0,128.0,122.0,126.0,121.0,124.0,123.0,120.0
164.17,202.0,128.0,123.0,126.0,121.0,124.0,123.0,120.0
164.37,201.0,129.0,123.0,126.0,121.0,124.0,123.0,120.0
164.57,201.0,128.0,122.0,126.0,120.0,124.0,123.0,120.0
164.77,201.0,128.0,123.0,126.0,121.0,124.0,123.0,120.0
164.97,200.0,129.0,123.0,126.0,120.0,124.0,123.0,121.0
165.17,195.0,129.0,123.0,127.0,121.0,125.0,123.0,120.0
165.37,191.0,128.0,122.0,127.0,121.0,125.0,123.0,120.0
165.57,187.0,128.0,123.0,126.0,120.0,124.0,123.0,120.0
165.77,194.0,128.0,123.0,126.0,121.0,124.0,123.0,120.0
165.97,200.0,128.0,123.0,127.0,121.0,124.0,123.0,121.0
166.17,202.0,128.0,123.0,127.0,120.0,124.0,123.0,120.0
166.37,202.0,128.0,122.0,126.0,120.0,125.0,123.0,120.0
166.57,202.0,128.0,123.0,126.0,121.0,124.0,123.0,120.0
166.77,202.0,128.0,123.0,126.0,121.0,124.0,123.0,120.0
166.97,202.0,129.0,123.0,127.0,121.0,124.0,123.0,120.0
167.17,201.0,129.0,123.0,126.0,121.0,124.0,122.0,120.0
167.37,200.0,129.0,123.0,126.0,121.0,125.0,123.0,120.0
167.57,197.0,129.0,123.0,127.0,121.0,124.0,123.0,120.0
167.77,193.0,128.0,123.0,127.0,121.0,124.0,122.0,120.0
167.97,189.0,129.0,123.0,126.0,120.0,124.0,122.0,121.0
168.17,189.0,128.0,123.0,126.0,121.0,124.0,123.0,120.0
168.37,195.0,128.0,122.0,127.0,121.0,124.0,122.0,121.0
168.57,199.0,128.0,123.0,127.0,120.0,124.0,123.0,121.0
168.77,202.0,128.0,123.0,126.0,121.0,124.0,123.0,120.0
168.97,202.0,128.0,123.0,127.0,121.0,124.0,122.0,120.0
169.17,202.0,128.0,123.0,126.0,121.0,124.0,123.0,120.0
169.37,203.0,128.0,123.0,127.0,120.0,124.0,123.0,120.0
169.57,202.0,129.0,123.0,126.0,121.0,124.0,123.0,120.0
169.77,201.0,128.0,123.0,126.0,121.0,124.0,123.0,120.0
169.97,201.0,128.0,122.0,126.0,121.0,124.0,123.0,120.0
170.17,195.0,128.0,123.0,126.0,121.0,124.0,123.0,120.0
170.37,192.0,128.0,123.0,126.0,121.0,124.0,123.0,120.0
170.57,188.0,128.0,123.0,126.0,121.0,125.0,123.0,120.0
170.77,191.0,128.0,123.0,126.0,121.0,124.0,123.0,120.0
170.97,198.0,128.0,123.0,126.0,121.0,124.0,123.0,120.0
171.17,203.0,128.0,123.0,127.0,120.0,124.0,123.0,120.0
171.37,204.0,128.0,123.0,126.0,121.0,124.0,123.0,120.0
171.57,203.0,128.0,123.0,126.0,121.0,125.0,122.0,120.0
171.77,202.0,128.0,122.0,126.0,120.0,125.0,123.0,120.0
171.97,202.0,128.0,123.0,126.0,120.0,124.0,123.0,120.0
172.17,201.0,128.0,123.0,126.0,120.0,125.0,122.0,120.0
172.37,200.0,128.0,123.0,127.0,121.0,124.0,123.0,120.0
172.57,198.0,128.0,123.0,126.0,121.0,124.0,123.0,120.0
172.77,194.0,128.0,123.0,126.0,120.0,124.0,122.0,120.0
172.97,191.0,128.0,122.0,126.0,120.0,124.0,123.0,120.0
173.17,187.0,129.0,122.0,126.0,120.0,125.0,123.0,120.0
173.37,193.0,129.0,123.0,126.0,120.0,124.0,123.0,120.0
173.57,200.0,128.0,123.0,126.0,121.0,124.0,123.0,120.0
173.77,203.0,128.0,123.0,126.0,121.0,124.0,122.0,120.0
173.97,203.0,128.0,123.0,126.0,120.0,124.0,122.0,120.0
174.17,202.0,128.0,123.0,126.0,120.0,124.0,123.0,120.0
174.37,203.0,128.0,123.0,126.0,120.0,124.0,123.0,119.0
174.57,201.0,128.0,123.0,126.0,120.0,124.0,123.0,120.0
174.77,201.0,128.0,123.0,126.0,121.0,124.0,123.0,120.0
174.97,200.0,128.0,123.0,126.0,120.0,125.0,123.0,120.0
175.17,199.0,129.0,123.0,126.0,120.0,124.0,122.0,120.0
175.37,193.0,128.0,122.0,126.0,120.0,124.0,122.0,120.0
175.57,189.0,128.0,123.0,127.0,120.0,124.0,123.0,120.0
175.77,187.0,128.0,123.0,127.0,121.0,124.0,123.0,120.0
175.97,194.0,128.0,123.0,127.0,121.0,124.0,123.0,120.0
176.17,199.0,128.0,122.0,126.0,121.0,125.0,123.0,120.0
176.37,202.0,128.0,123.0,126.0,121.0,125.0,123.0,120.0
176.57,203.0,128.0,122.0,126.0,121.0,124.0,123.0,120.0
176.77,203.0,128.0,122.0,126.0,121.0,125.0,123.0,120.0
176.97,203.0,128.0,123.0,127.0,121.0,124.0,123.0,121.0
177.17,200.0,128.0,123.0,126.0,121.0,124.0,123.0,120.0
177.37,200.0,128.0,123.0,126.0,121.0,124.0,123.0,120.0
177.57,200.0,129.0,123.0,126.0,120.0,124.0,123.0,120.0
177.77,197.0,128.0,123.0,126.0,120.0,124.0,123.0,121.0
177.97,193.0,129.0,123.0,127.0,121.0,125.0,122.0,120.0
178.17,190.0,129.0,123.0,126.0,121.0,124.0,123.0,120.0
178.37,188.0,129.0,123.0,126.0,121.0,124.0,123.0,120.0
178.57,195.0,129.0,123.0,126.0,120.0,124.0,123.0,120.0
178.77,200.0,128.0,123.0,127.0,121.0,124.0,123.0,120.0
178.97,203.0,128.0,123.0,126.0,121.0,124.0,122.0,120.0
179.17,202.0,128.0,123.0,127.0,120.0,124.0,122.0,120.0
179.37,203.0,128.0,123.0,126.0,120.0,125.0,123.0,120.0
179.57,202.0,128.0,123.0,127.0,120.0,124.0,122.0,120.0
179.77,201.0,128.0,123.0,126.0,121.0,124.0,122.0,120.0
179.97,200.0,128.0,123.0,126.0,121.0,124.0,123.0,120.0
180.17,200.0,129.0,123.0,126.0,120.0,124.0,123.0,120.0
180.37,198.0,129.0,123.0,126.0,121.0,125.0,123.0,120.0
180.57,194.0,128.0,123.0,126.0,120.0,125.0,123.0,120.0
180.77,190.0,129.0,123.0,126.0,121.0,124.0,123.0,121.0
180.97,187.0,128.0,123.0,126.0,120.0,124.0,123.0,121.0
181.17,194.0,128.0,123.0,126.0,121.0,124.0,123.0,120.0
181.38,201.0,128.0,123.0,127.0,121.0,125.0,123.0,120.0
181.58,203.0,128.0,123.0,127.0,120.0,124.0,123.0,120.0
181.78,203.0,128.0,123.0,127.0,120.0,124.0,123.0,120.0
181.98,203.0,128.0,123.0,126.0,121.0,124.0,123.0,121.0
182.18,202.0,128.0,122.0,127.0,121.0,124.0,123.0,120.0
182.38,201.0,128.0,123.0,127.0,120.0,124.0,123.0,120.0
182.58,201.0,129.0,123.0,127.0,121.0,124.0,122.0,120.0
182.78,201.0,128.0,123.0,126.0,121.0,124.0,123.0,120.0
182.98,199.0,128.0,123.0,126.0,121.0,124.0,123.0,120.0
183.18,194.0,128.0,123.0,126.0,121.0,125.0,122.0,120.0
183.38,190.0,128.0,123.0,127.0,121.0,124.0,123.0,120.0
183.58,187.0,128.0,123.0,127.0,121.0,125.0,123.0,120.0
183.78,195.0,128.0,122.0,126.0,120.0,125.0,123.0,120.0
183.98,201.0,128.0,123.0,126.0,121.0,124.0,123.0,120.0
184.18,201.0,129.0,123.0,126.0,120.0,124.0,123.0,120.0
184.38,203.0,128.0,123.0,127.0,121.0,124.0,123.0,120.0
184.58,203.0,128.0,123.0,127.0,120.0,125.0,123.0,120.0
184.78,203.0,128.0,123.0,126.0,120.0,124.0,123.0,120.0
184.98,201.0,129.0,123.0,126.0,121.0,124.0,122.0,120.0
185.18,200.0,129.0,123.0,126.0,120.0,124.0,123.0,120.0
185.38,200.0,128.0,123.0,126.0,120.0,124.0,123.0,120.0
185.58,199.0,128.0,123.0,126.0,121.0,124.0,123.0,120.0
185.78,194.0,128.0,122.0,126.0,121.0,124.0,122.0,120.0
185.98,189.0,128.0,123.0,126.0,121.0,125.0,123.0,121.0
186.18,188.0,128.0,122.0,127.0,121.0,124.0,123.0,120.0
186.38,194.0,128.0,123.0,126.0,121.0,124.0,123.0,120.0
186.58,200.0,128.0,123.0,126.0,121.0,124.0,123.0,120.0
186.78,203.0,128.0,123.0,126.0,121.0,124.0,123.0,120.0
186.98,203.0,128.0,123.0,126.0,121.0,125.0,123.0,121.0
187.18,201.0,129.0,123.0,126.0,121.0,124.0,122.0,120.0
187.38,202.0,128.0,122.0,126.0,120.0,124.0,122.0,120.0
187.58,202.0,128.0,123.0,127.0,121.0,125.0,123.0,120.0
187.78,201.0,128.0,123.0,127.0,121.0,124.0,123.0,121.0
187.98,200.0,129.0,123.0,127.0,120.0,124.0,122.0,119.0
188.18,197.0,128.0,123.0,126.0,120.0,124.0,122.0,121.0
188.38,192.0,128.0,123.0,127.0,120.0,124.0,123.0,121.0
188.58,187.0,129.0,123.0,127.0,121.0,124.0,123.0,120.0
188.78,193.0,128.0,123.0,126.0,121.0,124.0,122.0,120.0
188.98,196.0,128.0,123.0,126.0,120.0,124.0,122.0,120.0
189.18,203.0,129.0,123.0,126.0,121.0,124.0,123.0,120.0
189.38,202.0,128.0,123.0,126.0,121.0,125.0,123.0,121.0
189.58,201.0,128.0,123.0,127.0,120.0,125.0,122.0,121.0
189.78,202.0,128.0,123.0,127.0,121.0,125.0,122.0,121.0
189.98,201.0,128.0,123.0,127.0,120.0,124.0,123.0,120.0
190.18,201.0,128.0,123.0,127.0,120.0,124.0,123.0,120.0
190.38,200.0,128.0,123.0,126.0,121.0,125.0,123.0,120.0
190.58,197.0,129.0,123.0,126.0,120.0,124.0,122.0,120.0
190.78,193.0,128.0,123.0,127.0,121.0,124.0,123.0,120.0
190.98,189.0,129.0,123.0,127.0,120.0,125.0,123.0,120.0
191.18,189.0,128.0,123.0,126.0,121.0,125.0,123.0,121.0
191.38,196.0,128.0,123.0,126.0,120.0,124.0,123.0,121.0
191.58,200.0,128.0,123.0,126.0,120.0,124.0,123.0,120.0
191.78,203.0,128.0,123.0,126.0,121.0,125.0,123.0,121.0
191.98,203.0,129.0,123.0,126.0,121.0,125.0,123.0,120.0
192.18,202.0,128.0,123.0,126.0,121.0,124.0,123.0,120.0
192.38,202.0,128.0,123.0,126.0,120.0,124.0,122.0,120.0
192.58,201.0,128.0,123.0,126.0,121.0,125.0,122.0,120.0
192.78,200.0,128.0,122.0,126.0,121.0,124.0,123.0,120.0
192.98,199.0,128.0,123.0,126.0,121.0,124.0,122.0,120.0
193.18,194.0,128.0,122.0,126.0,121.0,125.0,123.0,120.0
193.38,190.0,129.0,122.0,127.0,121.0,124.0,123.0,120.0
193.58,187.0,128.0,123.0,126.0,121.0,124.0,123.0,120.0
193.78,193.0,128.0,123.0,127.0,120.0,125.0,123.0,120.0
193.98,198.0,128.0,123.0,126.0,120.0,125.0,123.0,120.0
194.18,203.0,128.0,123.0,126.0,121.0,125.0,123.0,120.0
194.38,203.0,128.0,123.0,127.0,121.0,125.0,122.0,120.0
194.58,203.0,128.0,123.0,127.0,121.0,124.0,123.0,120.0
194.78,202.0,128.0,123.0,126.0,121.0,125.0,123.0,120.0
194.98,202.0,129.0,122.0,126.0,120.0,124.0,123.0,120.0
195.18,201.0,128.0,123.0,126.0,121.0,124.0,122.0,120.0
195.38,201.0,128.0,123.0,127.0,121.0,125.0,123.0,119.0
195.58,199.0,129.0,123.0,126.0,121.0,125.0,123.0,120.0
195.78,194.0,128.0,122.0,126.0,120.0,124.0,123.0,120.0
195.98,189.0,128.0,122.0,126.0,120.0,124.0,123.0,120.0
196.18,188.0,128.0,123.0,127.0,121.0,124.0,122.0,120.0
196.38,196.0,128.0,123.0,127.0,121.0,124.0,123.0,120.0
196.58,201.0,128.0,123.0,127.0,121.0,124.0,123.0,120.0
196.78,203.0,128.0,123.0,127.0,121.0,124.0,123.0,120.0
196.98,203.0,128.0,122.0,127.0,120.0,124.0,123.0,120.0
197.18,202.0,128.0,123.0,126.0,120.0,124.0,123.0,121.0
197.38,201.0,128.0,122.0,126.0,121.0,124.0,123.0,120.0
197.58,201.0,128.0,123.0,127.0,121.0,124.0,123.0,120.0
197.78,200.0,128.0,123.0,126.0,121.0,124.0,123.0,121.0
197.98,200.0,128.0,123.0,126.0,121.0,125.0,123.0,120.0
198.18,197.0,128.0,123.0,126.0,121.0,124.0,122.0,120.0
198.38,194.0,128.0,123.0,126.0,121.0,124.0,122.0,120.0
198.58,190.0,128.0,123.0,126.0,121.0,124.0,122.0,120.0
198.78,188.0,129.0,123.0,127.0,120.0,124.0,123.0,120.0
198.98,195.0,128.0,123.0,126.0,121.0,125.0,123.0,120.0
199.18,203.0,128.0,123.0,126.0,121.0,125.0,123.0,120.0
199.38,203.0,128.0,123.0,126.0,121.0,124.0,123.0,120.0
199.58,202.0,129.0,122.0,126.0,121.0,124.0,123.0,120.0
199.78,202.0,129.0,123.0,126.0,121.0,124.0,123.0,121.0
199.98,202.0,129.0,123.0,126.0,121.0,124.0,123.0,120.0
200.18,202.0,129.0,123.0,126.0,121.0,124.0,123.0,120.0
200.38,201.0,128.0,123.0,126.0,121.0,124.0,123.0,120.0
200.58,200.0,128.0,123.0,127.0,121.0,125.0,123.0,120.0
200.78,198.0,128.0,122.0,127.0,120.0,124.0,123.0,120.0
200.98,194.0,128.0,122.0,127.0,121.0,124.0,123.0,120.0
201.18,189.0,128.0,122.0,126.0,121.0,124.0,122.0,120.0
201.38,190.0,128.0,123.0,127.0,120.0,125.0,123.0,120.0
201.58,195.0,128.0,122.0,127.0,121.0,124.0,122.0,120.0
201.78,201.0,128.0,123.0,127.0,121.0,124.0,122.0,120.0
201.98,202.0,128.0,123.0,126.0,121.0,124.0,123.0,121.0
202.18,203.0,128.0,123.0,126.0,121.0,124.0,122.0,120.0
202.38,202.0,128.0,123.0,126.0,121.0,124.0,123.0,120.0
202.58,202.0,128.0,122.0,126.0,121.0,124.0,123.0,120.0
202.78,202.0,129.0,123.0,127.0,120.0,124.0,123.0,120.0
202.98,201.0,128.0,123.0,126.0,120.0,124.0,123.0,120.0
203.18,200.0,128.0,123.0,126.0,121.0,125.0,123.0,120.0
203.38,197.0,128.0,123.0,126.0,121.0,125.0,123.0,120.0
203.58,192.0,128.0,123.0,126.0,121.0,125.0,123.0,120.0
203.78,189.0,128.0,123.0,126.0,121.0,125.0,123.0,120.0
203.98,189.0,128.0,122.0,126.0,120.0,124.0,122.0,120.0
204.18,195.0,128.0,123.0,126.0,120.0,124.0,123.0,120.0
204.38,200.0,128.0,123.0,126.0,121.0,124.0,122.0,121.0
204.58,202.0,129.0,123.0,127.0,121.0,124.0,123.0,120.0
204.78,203.0,128.0,123.0,126.0,121.0,124.0,123.0,120.0
204.98,203.0,128.0,123.0,126.0,121.0,124.0,122.0,120.0
205.18,203.0,128.0,122.0,126.0,121.0,124.0,122.0,120.0
205.38,201.0,128.0,122.0,126.0,120.0,124.0,123.0,121.0
205.58,201.0,128.0,122.0,126.0,120.0,125.0,123.0,120.0
205.78,200.0,128.0,123.0,127.0,121.0,125.0,122.0,120.0
205.98,197.0,128.0,122.0,126.0,120.0,125.0,123.0,120.0
206.18,194.0,128.0,123.0,126.0,121.0,124.0,123.0,120.0
206.38,189.0,128.0,123.0,126.0,121.0,125.0,123.0,120.0
206.58,187.0,128.0,123.0,126.0,121.0,124.0,123.0,121.0
206.78,192.0,128.0,122.0,126.0,121.0,124.0,123.0,120.0
206.98,200.0,128.0,122.0,126.0,121.0,124.0,123.0,120.0
207.18,203.0,128.0,122.0,127.0,120.0,124.0,123.0,120.0
207.39,203.0,128.0,122.0,126.0,121.0,124.0,123.0,120.0
207.59,202.0,128.0,123.0,126.0,121.0,125.0,123.0,121.0
207.79,203.0,128.0,122.0,127.0,120.0,125.0,123.0,120.0
207.99,202.0,128.0,123.0,127.0,121.0,124.0,123.0,120.0
208.19,201.0,128.0,123.0,126.0,120.0,124.0,123.0,120.0
208.39,200.0,128.0,123.0,126.0,121.0,124.0,123.0,121.0
208.59,199.0,128.0,123.0,126.0,121.0,124.0,123.0,120.0
208.79,194.0,128.0,123.0,126.0,121.0,124.0,123.0,120.0
208.99,190.0,128.0,123.0,126.0,121.0,124.0,123.0,120.0
209.19,187.0,128.0,123.0,126.0,121.0,124.0,123.0,121.0
209.39,192.0,128.0,123.0,126.0,121.0,125.0,123.0,120.0
209.59,198.0,128.0,123.0,126.0,121.0,125.0,123.0,120.0
209.79,201.0,128.0,123.0,126.0,120.0,124.0,123.0,120.0
209.99,202.0,128.0,123.0,127.0,121.0,125.0,122.0,120.0
210.19,202.0,129.0,123.0,126.0,121.0,124.0,123.0,120.0
210.39,203.0,128.0,123.0,126.0,121.0,124.0,122.0,120.0
210.59,202.0,129.0,122.0,126.0,121.0,124.0,123.0,120.0
210.79,201.0,128.0,123.0,126.0,121.0,124.0,122.0,120.0
210.99,200.0,128.0,123.0,126.0,121.0,124.0,122.0,120.0
211.19,200.0,128.0,123.0,126.0,120.0,124.0,123.0,120.0
211.39,196.0,128.0,123.0,126.0,120.0,124.0,123.0,120.0
211.59,192.0,128.0,123.0,126.0,120.0,124.0,122.0,120.0
211.79,188.0,128.0,123.0,126.0,121.0,124.0,122.0,120.0
211.99,191.0,128.0,123.0,126.0,121.0,124.0,123.0,120.0
212.19,196.0,128.0,122.0,126.0,121.0,124.0,123.0,120.0
212.39,202.0,128.0,122.0,126.0,120.0,125.0,122.0,120.0
212.59,204.0,128.0,122.0,126.0,120.0,125.0,122.0,120.0
212.79,203.0,128.0,122.0,126.0,121.0,124.0,123.0,120.0
212.99,203.0,128.0,123.0,127.0,121.0,125.0,123.0,120.0
213.19,201.0,129.0,123.0,126.0,121.0,124.0,123.0,120.0
213.39,200.0,128.0,123.0,127.0,120.0,124.0,123.0,120.0
213.59,200.0,128.0,122.0,126.0,121.0,124.0,123.0,120.0
213.79,200.0,129.0,123.0,126.0,121.0,125.0,122.0,120.0
213.99,196.0,129.0,123.0,126.0,120.0,125.0,123.0,120.0
214.19,193.0,128.0,123.0,126.0,120.0,124.0,123.0,120.0
214.39,188.0,128.0,122.0,126.0,121.0,125.0,122.0,120.0
214.59,191.0,128.0,123.0,127.0,121.0,124.0,122.0,120.0
214.79,194.0,128.0,122.0,127.0,121.0,124.0,123.0,120.0
214.99,201.0,128.0,122.0,126.0,121.0,124.0,123.0,120.0
215.19,202.0,129.0,122.0,126.0,121.0,124.0,122.0,120.0
215.39,202.0,128.0,123.0,126.0,120.0,124.0,123.0,120.0
215.59,203.0,128.0,123.0,126.0,121.0,124.0,123.0,121.0
215.79,202.0,128.0,123.0,126.0,121.0,124.0,123.0,120.0
215.99,201.0,128.0,123.0,126.0,121.0,124.0,123.0,120.0
216.19,200.0,128.0,123.0,127.0,120.0,124.0,123.0,120.0
216.39,201.0,128.0,123.0,126.0,121.0,124.0,122.0,120.0
216.59,200.0,128.0,123.0,127.0,121.0,124.0,123.0,120.0
216.79,195.0,128.0,123.0,126.0,120.0,125.0,122.0,120.0
216.99,191.0,128.0,123.0,126.0,121.0,124.0,123.0,120.0
217.19,187.0,128.0,123.0,126.0,121.0,124.0,123.0,121.0
217.39,192.0,128.0,123.0,127.0,121.0,124.0,123.0,120.0
217.59,198.0,128.0,123.0,126.0,120.0,124.0,123.0,120.0
217.79,201.0,128.0,123.0,127.0,120.0,124.0,123.0,120.0
217.99,202.0,128.0,123.0,126.0,120.0,125.0,123.0,120.0
218.19,202.0,128.0,123.0,126.0,121.0,124.0,123.0,120.0
218.39,202.0,128.0,123.0,126.0,120.0,124.0,123.0,120.0
218.59,202.0,128.0,122.0,126.0,121.0,124.0,123.0,120.0
218.79,201.0,128.0,123.0,127.0,120.0,124.0,123.0,120.0
218.99,200.0,128.0,123.0,126.0,121.0,124.0,123.0,121.0
219.19,199.0,128.0,123.0,127.0,121.0,124.0,123.0,120.0
219.39,196.0,128.0,123.0,126.0,121.0,125.0,122.0,120.0
219.59,192.0,128.0,123.0,126.0,121.0,124.0,123.0,120.0
219.79,189.0,128.0,123.0,126.0,121.0,124.0,122.0,120.0
219.99,189.0,128.0,123.0,126.0,121.0,125.0,122.0,120.0
220.19,197.0,128.0,123.0,126.0,121.0,125.0,123.0,120.0
220.39,202.0,128.0,123.0,127.0,120.0,124.0,123.0,120.0
220.59,202.0,128.0,123.0,126.0,120.0,124.0,123.0,120.0
220.79,202.0,128.0,122.0,126.0,121.0,124.0,122.0,120.0
220.99,201.0,128.0,123.0,126.0,121.0,124.0,123.0,120.0
221.19,202.0,128.0,123.0,126.0,120.0,124.0,123.0,120.0
221.39,201.0,129.0,123.0,126.0,121.0,124.0,122.0,120.0
221.59,200.0,128.0,122.0,126.0,121.0,125.0,123.0,120.0
221.79,200.0,128.0,122.0,126.0,121.0,124.0,123.0,120.0
221.99,196.0,128.0,123.0,127.0,120.0,125.0,122.0,120.0
222.19,192.0,129.0,123.0,126.0,120.0,124.0,123.0,121.0
222.39,189.0,128.0,123.0,126.0,120.0,124.0,123.0,120.0
222.59,191.0,128.0,123.0,126.0,121.0,124.0,123.0,120.0
222.79,196.0,128.0,123.0,126.0,121.0,124.0,122.0,120.0
222.99,202.0,128.0,123.0,126.0,121.0,124.0,123.0,120.0
223.19,202.0,128.0,123.0,126.0,121.0,124.0,123.0,120.0
223.39,202.0,128.0,123.0,126.0,121.0,124.0,123.0,120.0
223.59,202.0,128.0,122.0,126.0,121.0,124.0,123.0,121.0
223.79,202.0,128.0,123.0,126.0,121.0,124.0,123.0,120.0
223.99,201.0,128.0,123.0,126.0,121.0,124.0,123.0,120.0
224.19,201.0,128.0,123.0,126.0,120.0,124.0,122.0,120.0
224.39,200.0,128.0,123.0,126.0,120.0,124.0,123.0,120.0
224.59,196.0,128.0,123.0,126.0,121.0,124.0,123.0,121.0
224.79,192.0,128.0,122.0,126.0,121.0,124.0,123.0,120.0
224.99,188.0,128.0,123.0,126.0,120.0,124.0,123.0,120.0
225.19,190.0,129.0,123.0,126.0,121.0,124.0,123.0,120.0
225.39,194.0,129.0,123.0,126.0,120.0,125.0,123.0,120.0
225.59,200.0,128.0,123.0,126.0,121.0,124.0,123.0,120.0
225.79,203.0,128.0,123.0,127.0,121.0,124.0,123.0,120.0
225.99,201.0,128.0,123.0,126.0,120.0,124.0,122.0,120.0
226.19,201.0,128.0,122.0,126.0,121.0,124.0,123.0,120.0
226.39,202.0,128.0,122.0,126.0,121.0,124.0,122.0,120.0
226.59,201.0,129.0,122.0,126.0,120.0,124.0,123.0,121.0
226.79,201.0,128.0,122.0,126.0,120.0,124.0,123.0,121.0
226.99,201.0,128.0,122.0,126.0,120.0,125.0,122.0,120.0
227.19,197.0,128.0,123.0,126.0,121.0,124.0,122.0,120.0
227.39,193.0,129.0,123.0,126.0,121.0,124.0,123.0,120.0
227.59,190.0,129.0,123.0,126.0,121.0,124.0,123.0,120.0
227.79,187.0,128.0,123.0,126.0,120.0,124.0,123.0,120.0
227.99,194.0,128.0,123.0,126.0,121.0,124.0,123.0,120.0
228.19,199.0,128.0,123.0,126.0,121.0,124.0,123.0,120.0
228.39,202.0,128.0,123.0,126.0,120.0,124.0,123.0,120.0
228.59,202.0,128.0,122.0,126.0,121.0,124.0,122.0,120.0
228.79,203.0,128.0,123.0,126.0,121.0,125.0,123.0,120.0
228.99,202.0,128.0,123.0,126.0,121.0,124.0,122.0,120.0
229.19,201.0,128.0,123.0,126.0,121.0,124.0,123.0,121.0
229.39,200.0,128.0,123.0,126.0,121.0,124.0,123.0,120.0
229.59,199.0,128.0,123.0,126.0,121.0,124.0,123.0,120.0
229.79,196.0,128.0,123.0,126.0,121.0,124.0,123.0,120.0
229.99,192.0,128.0,123.0,126.0,120.0,124.0,123.0,120.0
230.19,189.0,128.0,123.0,126.0,121.0,124.0,123.0,120.0
230.39,189.0,129.0,123.0,126.0,120.0,124.0,122.0,120.0
230.59,197.0,128.0,123.0,126.0,120.0,124.0,122.0,120.0
230.79,202.0,128.0,122.0,126.0,121.0,124.0,123.0,121.0
230.99,201.0,128.0,122.0,126.0,120.0,124.0,123.0,120.0
231.19,202.0,128.0,123.0,126.0,120.0,124.0,123.0,120.0
231.39,201.0,128.0,122.0,126.0,120.0,124.0,123.0,120.0
231.59,202.0,128.0,122.0,126.0,120.0,125.0,123.0,120.0
231.79,201.0,129.0,123.0,126.0,121.0,124.0,123.0,120.0
231.99,200.0,128.0,123.0,126.0,121.0,124.0,123.0,120.0
232.19,200.0,128.0,123.0,126.0,120.0,124.0,123.0,120.0
232.39,198.0,129.0,123.0,126.0,121.0,124.0,123.0,120.0
232.60,193.0,128.0,122.0,126.0,121.0,124.0,123.0,121.0
232.80,189.0,128.0,122.0,126.0,120.0,124.0,122.0,120.0
233.00,188.0,128.0,123.0,126.0,121.0,124.0,122.0,120.0
233.20,196.0,128.0,123.0,126.0,121.0,124.0,122.0,120.0
233.40,201.0,128.0,123.0,127.0,121.0,124.0,123.0,121.0
233.60,203.0,128.0,122.0,126.0,121.0,124.0,123.0,120.0
233.80,201.0,128.0,123.0,126.0,121.0,124.0,123.0,120.0
234.00,203.0,128.0,123.0,126.0,121.0,125.0,123.0,120.0
234.20,202.0,128.0,123.0,126.0,121.0,124.0,123.0,120.0
234.40,200.0,128.0,123.0,126.0,120.0,124.0,123.0,120.0
234.60,201.0,128.0,122.0,126.0,120.0,124.0,122.0,120.0
234.80,200.0,128.0,123.0,126.0,120.0,124.0,123.0,120.0
235.00,198.0,128.0,123.0,127.0,120.0,124.0,123.0,120.0
235.20,193.0,128.0,123.0,126.0,121.0,124.0,123.0,120.0
235.40,190.0,128.0,123.0,126.0,120.0,124.0,123.0,120.0
235.60,189.0,128.0,122.0,126.0,120.0,124.0,123.0,120.0
235.80,195.0,128.0,122.0,126.0,120.0,124.0,123.0,120.0
236.00,201.0,128.0,123.0,126.0,120.0,124.0,123.0,120.0
236.20,202.0,128.0,123.0,126.0,120.0,124.0,122.0,120.0
236.40,202.0,128.0,122.0,126.0,120.0,124.0,122.0,120.0
236.60,203.0,128.0,123.0,126.0,120.0,124.0,123.0,120.0
236.80,201.0,128.0,123.0,126.0,120.0,124.0,122.0,120.0
237.00,201.0,129.0,123.0,127.0,121.0,124.0,122.0,120.0
237.20,200.0,128.0,123.0,126.0,121.0,124.0,123.0,120.0
237.40,200.0,128.0,123.0,127.0,120.0,124.0,122.0,121.0
237.60,197.0,128.0,123.0,126.0,120.0,124.0,123.0,120.0
237.80,192.0,128.0,123.0,127.0,121.0,124.0,122.0,121.0
238.00,189.0,128.0,122.0,126.0,121.0,124.0,122.0,120.0
238.20,190.0,128.0,123.0,126.0,121.0,124.0,122.0,121.0
238.40,196.0,128.0,123.0,126.0,121.0,124.0,123.0,120.0
238.60,202.0,128.0,123.0,126.0,121.0,125.0,122.0,120.0
238.80,202.0,128.0,123.0,126.0,120.0,124.0,122.0,120.0
239.00,202.0,128.0,123.0,126.0,121.0,124.0,123.0,120.0
239.20,175.0,128.0,123.0,126.0,121.0,124.0,123.0,121.0
239.40,166.0,128.0,122.0,126.0,121.0,124.0,123.0,120.0
239.60,164.0,128.0,123.0,126.0,121.0,124.0,123.0,120.0
239.80,163.0,128.0,123.0,126.0,121.0,124.0,123.0,120.0
240.00,164.0,128.0,123.0,126.0,121.0,124.0,122.0,121.0
240.20,165.0,128.0,123.0,126.0,121.0,125.0,123.0,120.0
240.40,164.0,129.0,123.0,126.0,121.0,125.0,123.0,121.0
240.60,164.0,128.0,123.0,127.0,120.0,124.0,123.0,120.0
240.80,164.0,128.0,123.0,127.0,121.0,124.0,123.0,120.0
241.00,164.0,128.0,122.0,126.0,120.0,124.0,122.0,120.0
241.20,163.0,128.0,122.0,126.0,120.0,124.0,123.0,120.0
241.40,164.0,128.0,123.0,126.0,120.0,125.0,123.0,120.0
241.60,164.0,128.0,122.0,126.0,121.0,124.0,123.0,120.0
241.80,163.0,128.0,122.0,126.0,121.0,124.0,123.0,120.0
242.00,164.0,128.0,123.0,126.0,121.0,124.0,122.0,120.0
242.20,164.0,128.0,122.0,126.0,121.0,124.0,122.0,120.0
242.40,182.0,129.0,123.0,127.0,121.0,125.0,123.0,121.0
242.60,195.0,130.0,124.0,128.0,122.0,126.0,153.0,148.0
242.80,168.0,128.0,123.0,127.0,121.0,125.0,127.0,124.0
243.00,165.0,128.0,123.0,126.0,120.0,124.0,123.0,121.0
243.20,171.0,157.0,151.0,154.0,148.0,154.0,153.0,148.0
